Date,Short Volume,Total Volume
2020-07-16,42983,75130
2020-07-15,48740,82466
2020-07-14,65981,106205
2020-07-13,83908,137493
2020-07-10,88909,158309
2020-07-09,107562,179477
2020-07-08,69264,121510
2020-07-07,107473,191595
2020-07-06,104112,181767
2020-07-02,129026,264725
2020-07-01,121776,216191
2020-06-30,76155,124739
2020-06-29,106511,184963
2020-06-26,182895,336254
2020-06-25,51520,84859
2020-06-24,68161,113719
2020-06-23,63672,100074
2020-06-22,56858,85677
2020-06-19,97154,140376
2020-06-18,72995,120997
2020-06-17,57937,97773
2020-06-16,70660,121320
2020-06-15,68711,97989
2020-06-12,92720,169354
2020-06-11,99048,170228
2020-06-10,63600,122465
2020-06-09,71059,120469
2020-06-08,60755,101733
2020-06-05,90307,180589
2020-06-04,65872,123080
2020-06-03,62380,109419
2020-06-02,50074,89159
2020-06-01,45275,76601
2020-05-29,114123,202850
2020-05-28,130085,245316
2020-05-27,114492,187607
2020-05-26,152572,260020
2020-05-22,95594,161720
2020-05-21,103359,179936
2020-05-20,101636,195391
2020-05-19,96314,157448
2020-05-18,147793,254435
2020-05-15,185305,231774
2020-05-14,128096,181140
2020-05-13,160297,234458
2020-05-12,131974,167649
2020-05-11,104076,135522
2020-05-08,130838,173104
2020-05-07,101558,139674
2020-05-06,124469,166129
2020-05-05,139610,180695
2020-05-04,91939,137232
2020-05-01,174388,233387
2020-04-30,128164,182615
2020-04-29,377559,565149
2020-04-28,198652,321596
2020-04-27,109108,158754
2020-04-24,107870,186588
2020-04-23,107230,177163
2020-04-22,146808,242077
2020-04-21,122010,207988
2020-04-20,91953,153070
2020-04-17,126657,217456
2020-04-16,172710,250973
2020-04-15,107109,196192
2020-04-14,173377,322467
2020-04-13,102832,155597
2020-04-09,141871,246177
2020-04-08,133394,221114
2020-04-07,165982,311171
2020-04-06,190297,326095
2020-04-03,182418,266483
2020-04-02,217943,319559
2020-04-01,216307,282881
2020-03-31,199994,309807
2020-03-30,156910,249276
2020-03-27,198232,292975
2020-03-26,290687,402871
2020-03-25,304282,445231
2020-03-24,259893,394198
2020-03-23,263489,420497
2020-03-20,265971,385041
2020-03-19,212302,366348
2020-03-18,233711,373819
2020-03-17,190702,385419
2020-03-16,161481,354572
2020-03-13,193485,369635
2020-03-12,282484,486739
2020-03-11,160702,241388
2020-03-10,159682,255097
2020-03-09,240594,320493
2020-03-06,222535,349086
2020-03-05,125603,213669
2020-03-04,99347,162542
2020-03-03,123651,194395
2020-03-02,108093,182762
2020-02-28,159271,247379
2020-02-27,141527,233884
2020-02-26,133858,201465
2020-02-25,154444,226609
2020-02-24,141450,212141
2020-02-21,128857,186624
2020-02-20,56766,96623
2020-02-19,47547,84961
2020-02-18,56246,103077
2020-02-14,48768,87632
2020-02-13,32133,58329
2020-02-12,46270,79423
2020-02-11,79652,148968
2020-02-10,71176,122344
2020-02-07,72426,135772
2020-02-06,94155,177320
2020-02-05,96367,152040
2020-02-04,290364,426885
2020-02-03,196202,308214
2020-01-31,165026,234327
2020-01-30,68113,110152
2020-01-29,64237,98612
2020-01-28,72219,98756
2020-01-27,80451,121681
2020-01-24,99502,170774
2020-01-23,60472,94667
2020-01-22,94624,144529
2020-01-21,114231,174557
2020-01-17,114140,218098
2020-01-16,54332,110559
2020-01-15,46744,92595
2020-01-14,59294,118716
2020-01-13,64177,116613
2020-01-10,86373,160652
2020-01-09,67370,147419
2020-01-08,68219,147224
2020-01-07,71288,142907
2020-01-06,97848,173895
2020-01-03,66643,124424
2020-01-02,75030,144874
2019-12-31,63876,97293
2019-12-30,36504,78286
2019-12-27,65146,112780
2019-12-26,37831,72310
2019-12-24,21661,37493
2019-12-23,37469,66644
2019-12-20,68043,123323
2019-12-19,50382,91387
2019-12-18,52165,90071
2019-12-17,65521,110589
2019-12-16,58359,106877
2019-12-13,56873,116665
2019-12-12,76552,151314
2019-12-11,32391,71668
2019-12-10,50697,90598
2019-12-09,65407,130793
2019-12-06,75469,156091
2019-12-05,75841,134019
2019-12-04,80866,156754
2019-12-03,64622,114609
2019-12-02,60948,110570
2019-11-29,30768,64291
2019-11-27,38011,76321
2019-11-26,39663,69515
2019-11-25,38406,75775
2019-11-22,46384,107523
2019-11-21,46990,94262
2019-11-20,68256,117728
2019-11-19,51557,101937
2019-11-18,74807,123280
2019-11-15,98565,183307
2019-11-14,69738,134997
2019-11-13,36347,78799
2019-11-12,48899,89050
2019-11-11,41572,69714
2019-11-08,76758,161536
2019-11-07,103031,202672
2019-11-06,40910,86985
2019-11-05,50437,93957
2019-11-04,62540,108270
2019-11-01,64526,134536
2019-10-31,66206,127359
2019-10-30,58286,114101
2019-10-29,126648,233885
2019-10-28,146998,255921
2019-10-25,63842,132382
2019-10-24,54174,108269
2019-10-23,39740,92945
2019-10-22,40758,88508
2019-10-21,44028,83430
2019-10-18,76209,135126
2019-10-17,48970,111106
2019-10-16,40848,83116
2019-10-15,42652,100949
2019-10-14,29344,59465
2019-10-11,55676,130603
2019-10-10,31838,62000
2019-10-09,36335,74152
2019-10-08,43537,80470
2019-10-07,43329,73896
2019-10-04,69511,155023
2019-10-03,89670,149983
2019-10-02,95485,172316
2019-10-01,54176,95170
2019-09-30,63129,101434
2019-09-27,107584,162270
2019-09-26,73838,121027
2019-09-25,53782,110940
2019-09-24,89648,148829
2019-09-23,35109,68094
2019-09-20,71218,112248
2019-09-19,37210,65812
2019-09-18,31047,61418
2019-09-17,40489,75195
2019-09-16,39734,75823
2019-09-13,81705,152890
2019-09-12,116101,196893
2019-09-11,43407,116671
2019-09-10,43653,98815
2019-09-09,61082,114242
2019-09-06,33049,81880
2019-09-05,68480,157820
2019-09-04,39951,85075
2019-09-03,47956,93365
2019-08-30,39884,76738
2019-08-29,41718,84320
2019-08-28,28204,48879
2019-08-27,43312,65693
2019-08-26,51951,100259
2019-08-23,80990,146853
2019-08-22,40435,66497
2019-08-21,18148,40919
2019-08-20,27497,46934
2019-08-19,44997,91459
2019-08-16,42019,81627
2019-08-15,46334,86856
2019-08-14,56368,99865
2019-08-13,47804,96341
2019-08-12,37600,61000
2019-08-09,40795,78775
2019-08-08,40817,86962
2019-08-07,63363,108603
2019-08-06,70500,114178
2019-08-05,101894,162393
2019-08-02,97236,144266
2019-08-01,86137,155397
2019-07-31,58156,108521
2019-07-30,47954,81093
2019-07-29,70007,123782
2019-07-26,251008,491499
2019-07-25,85281,167199
2019-07-24,56514,90833
2019-07-23,52700,74165
2019-07-22,54559,94119
2019-07-19,51632,92071
2019-07-18,43512,78440
2019-07-17,31445,52077
2019-07-16,46027,81993
2019-07-15,31112,54612
2019-07-12,46668,81796
2019-07-11,51167,86532
2019-07-10,64589,97492
2019-07-09,60226,102295
2019-07-08,62297,106731
2019-07-05,66609,128810
2019-07-03,34416,83545
2019-07-02,34129,83489
2019-07-01,44352,79061
2019-06-28,72250,125651
2019-06-27,57244,92654
2019-06-26,75146,127744
2019-06-25,61897,130277
2019-06-24,46199,75799
2019-06-21,88686,152838
2019-06-20,37024,72931
2019-06-19,38812,77454
2019-06-18,53510,101364
2019-06-17,24779,53774
2019-06-14,43022,84525
2019-06-13,35385,72807
2019-06-12,29671,63570
2019-06-11,48886,98526
2019-06-10,44108,82054
2019-06-07,54782,108889
2019-06-06,45210,74406
2019-06-05,69125,112483
2019-06-04,96025,164200
2019-06-03,160886,280197
2019-05-31,52144,88633
2019-05-30,39200,66708
2019-05-29,43888,96089
2019-05-28,34116,52247
2019-05-24,32921,51236
2019-05-23,44319,72914
2019-05-22,21558,34316
2019-05-21,37948,60897
2019-05-20,62148,92896
2019-05-17,55032,89283
2019-05-16,53420,92067
2019-05-15,71954,128316
2019-05-14,82049,115663
2019-05-13,66484,96475
2019-05-10,60426,100943
2019-05-09,50307,68594
2019-05-08,31993,58559
2019-05-07,59081,90930
2019-05-06,37301,63163
2019-05-03,68379,135122
2019-05-02,67369,116454
2019-05-01,104323,179297
2019-04-30,218127,345465
2019-04-29,90764,148337
2019-04-26,54052,84317
2019-04-25,55195,88282
2019-04-24,23966,49602
2019-04-23,55754,86994
2019-04-22,27385,43768
2019-04-18,32737,56457
2019-04-17,41603,80588
2019-04-16,47260,85035
2019-04-15,38508,65280
2019-04-12,47619,81045
2019-04-11,27484,45770
2019-04-10,23336,41240
2019-04-09,28810,50375
2019-04-08,25006,50999
2019-04-05,35670,55423
2019-04-04,35504,57567
2019-04-03,37516,65046
2019-04-02,19371,43735
2019-04-01,37256,75822
2019-03-29,32693,67677
2019-03-28,22650,51978
2019-03-27,28854,58926
2019-03-26,43785,94529
2019-03-25,25923,58743
2019-03-22,55493,109430
2019-03-21,30487,63701
2019-03-20,82806,134642
2019-03-19,36385,71597
2019-03-18,25726,50651
2019-03-15,61969,104288
2019-03-14,39165,66279
2019-03-13,31985,62023
2019-03-12,65696,110594
2019-03-11,32414,63791
2019-03-08,34372,61303
2019-03-07,52851,83715
2019-03-06,36914,67015
2019-03-05,58347,98050
2019-03-04,41178,76639
2019-03-01,42565,81870
2019-02-28,30985,60510
2019-02-27,25541,45053
2019-02-26,26972,58622
2019-02-25,29832,57837
2019-02-22,29083,57265
2019-02-21,55685,102961
2019-02-20,31030,57049
2019-02-19,19508,35026
2019-02-15,30919,75178
2019-02-14,25652,46002
2019-02-13,32396,65681
2019-02-12,39708,88803
2019-02-11,20222,37391
2019-02-08,25748,47121
2019-02-07,44402,78040
2019-02-06,50133,89181
2019-02-05,83921,155100
2019-02-04,59230,118777
2019-02-01,51280,79961
2019-01-31,59374,93257
2019-01-30,48265,83053
2019-01-29,25225,47824
2019-01-28,36607,52083
2019-01-25,35918,55940
2019-01-24,36799,57988
2019-01-23,36302,57873
2019-01-22,45728,78679
2019-01-18,40501,77137
2019-01-17,36950,61245
2019-01-16,44232,85217
2019-01-15,37172,76888
2019-01-14,31922,62498
2019-01-11,43241,80221
2019-01-10,29490,57659
2019-01-09,45640,84961
2019-01-08,57550,90100
2019-01-07,52147,108718
2019-01-04,70630,131131
2019-01-03,71147,103236
2019-01-02,49465,86325
2018-12-31,60458,94670
2018-12-28,67982,111196
2018-12-27,75828,125303
2018-12-26,84237,132449
2018-12-24,63727,99344
2018-12-21,149670,245160
2018-12-20,109876,191986
2018-12-19,95661,154834
2018-12-18,69526,109672
2018-12-17,69633,134435
2018-12-14,52093,96650
2018-12-13,51107,82706
2018-12-12,46769,81808
2018-12-11,51244,93446
2018-12-10,65199,103768
2018-12-07,76718,124466
2018-12-06,62454,120143
2018-12-04,54427,89954
2018-12-03,65303,137289
2018-11-30,60828,114677
2018-11-29,38201,79685
2018-11-28,47717,106309
2018-11-27,38156,67865
2018-11-26,34066,60157
2018-11-23,16388,28048
2018-11-21,51197,83506
2018-11-20,72958,132438
2018-11-19,52899,98824
2018-11-16,60178,97168
2018-11-15,60814,107855
2018-11-14,51814,82115
2018-11-13,33253,62940
2018-11-12,47639,94342
2018-11-09,52675,92920
2018-11-08,45676,83629
2018-11-07,61675,108909
2018-11-06,37160,72473
2018-11-05,53933,106929
2018-11-02,56002,104338
2018-11-01,46280,89693
2018-10-31,101784,177302
2018-10-30,74552,142816
2018-10-29,91998,162275
2018-10-26,128110,222541
2018-10-25,110954,183063
2018-10-24,77084,118667
2018-10-23,43610,78945
2018-10-22,26455,49604
2018-10-19,57965,114820
2018-10-18,59282,107258
2018-10-17,43847,79033
2018-10-16,55842,98584
2018-10-15,45841,76161
2018-10-12,88518,144893
2018-10-11,90984,151975
2018-10-10,68979,136923
2018-10-09,41451,81617
2018-10-08,52539,105835
2018-10-05,41345,83306
2018-10-04,65929,149241
2018-10-03,38108,91153
2018-10-02,44526,102485
2018-10-01,54774,96375
2018-09-28,60357,102400
2018-09-27,68022,114812
2018-09-26,39192,81527
2018-09-25,47010,91081
2018-09-24,35187,73212
2018-09-21,83634,140422
2018-09-20,44041,84026
2018-09-19,43977,77045
2018-09-18,35625,67025
2018-09-17,44427,93108
2018-09-14,38010,70242
2018-09-13,58827,130103
2018-09-12,48690,101592
2018-09-11,43983,83183
2018-09-10,36635,75682
2018-09-07,64152,120303
2018-09-06,59949,137204
2018-09-05,82882,163314
2018-09-04,75038,160430
2018-08-31,61580,145477
2018-08-30,41951,94051
2018-08-29,59601,127039
2018-08-28,43074,92128
2018-08-27,50984,96178
2018-08-24,40695,97794
2018-08-23,45628,86540
2018-08-22,32548,61653
2018-08-21,46556,81222
2018-08-20,34632,67451
2018-08-17,44622,126608
2018-08-16,52804,101484
2018-08-15,55219,101315
2018-08-14,33366,67439
2018-08-13,38704,85138
2018-08-10,41186,83962
2018-08-09,31888,69298
2018-08-08,41569,93575
2018-08-07,58949,125267
2018-08-06,21843,45442
2018-08-03,32733,61962
2018-08-02,59185,116655
2018-08-01,46696,95962
2018-07-31,46661,91105
2018-07-30,59906,128836
2018-07-27,85099,168938
2018-07-26,75579,160377
2018-07-25,61912,124005
2018-07-24,128537,271255
2018-07-23,55996,137666
2018-07-20,74725,124918
2018-07-19,49015,99166
2018-07-18,79076,121838
2018-07-17,72482,130503
2018-07-16,26995,58607
2018-07-13,44442,89925
2018-07-12,50214,109727
2018-07-11,39923,75830
2018-07-10,23344,45684
2018-07-09,29310,64049
2018-07-06,30004,63914
2018-07-05,33263,67458
2018-07-03,19386,39586
2018-07-02,29629,54686
2018-06-29,41402,79155
2018-06-28,46072,102838
2018-06-27,51642,110462
2018-06-26,44493,92625
2018-06-25,73349,160357
2018-06-22,40948,88484
2018-06-21,70544,133963
2018-06-20,79869,164693
2018-06-19,72559,168213
2018-06-18,53287,96807
2018-06-15,58949,97749
2018-06-14,93902,136843
2018-06-13,70235,106549
2018-06-12,34260,65493
2018-06-11,55836,84590
2018-06-08,64412,102523
2018-06-07,75930,115447
2018-06-06,68733,103206
2018-06-05,67795,102336
2018-06-04,116504,158356
2018-06-01,223627,326511
2018-05-31,141959,241624
2018-05-30,37325,78018
2018-05-29,51667,101063
2018-05-25,28768,50613
2018-05-24,31594,50433
2018-05-23,44929,69853
2018-05-22,31761,50214
2018-05-21,52659,88733
2018-05-18,62866,103636
2018-05-17,48889,81461
2018-05-16,54497,86993
2018-05-15,87051,122923
2018-05-14,90634,124766
2018-05-11,63320,104897
2018-05-10,77320,126739
2018-05-09,97581,176381
2018-05-08,66873,106712
2018-05-07,83877,140916
2018-05-04,74818,139697
2018-05-03,97571,168279
2018-05-02,71370,109997
2018-05-01,79401,117797
2018-04-30,51884,85172
2018-04-27,80897,149522
2018-04-26,88877,149098
2018-04-25,136130,224748
2018-04-24,215498,371509
2018-04-23,122862,207773
2018-04-20,97697,153574
2018-04-19,81047,137407
2018-04-18,52465,95064
2018-04-17,70112,126514
2018-04-16,43460,85206
2018-04-13,56381,94085
2018-04-12,45051,83603
2018-04-11,49568,92332
2018-04-10,74281,121579
2018-04-09,87648,118573
2018-04-06,91197,117751
2018-04-05,78186,117167
2018-04-04,77637,147847
2018-04-03,77219,117056
2018-04-02,139416,193148
2018-03-29,139381,234931
2018-03-28,176703,299235
2018-03-27,119478,194840
2018-03-26,100166,174240
2018-03-23,126168,191543
2018-03-22,137027,222176
2018-03-21,83847,139273
2018-03-20,95413,175615
2018-03-19,132260,204182
2018-03-16,92352,148258
2018-03-15,79314,126782
2018-03-14,86896,131251
2018-03-13,94278,169315
2018-03-12,89519,149868
2018-03-09,118195,168835
2018-03-08,79579,127250
2018-03-07,44076,73463
2018-03-06,42165,65272
2018-03-05,48176,78854
2018-03-02,107260,186159
2018-03-01,125966,217109
2018-02-28,84532,142200
2018-02-27,78668,152233
2018-02-26,46695,80157
2018-02-23,58420,92512
2018-02-22,54743,88665
2018-02-21,63622,108770
2018-02-20,52869,89274
2018-02-16,79694,129861
2018-02-15,63634,104304
2018-02-14,61539,105138
2018-02-13,52934,82950
2018-02-12,75374,125458
2018-02-09,190039,303074
2018-02-08,88788,156936
2018-02-07,52549,103361
2018-02-06,88209,191256
2018-02-05,90452,186135
2018-02-02,146837,277676
2018-02-01,63437,142673
2018-01-31,29460,66559
2018-01-30,32170,79723
2018-01-29,33861,66812
2018-01-26,44300,103974
2018-01-25,24834,58715
2018-01-24,35099,84644
2018-01-23,28885,66476
2018-01-22,36680,65766
2018-01-19,26011,61247
2018-01-18,29830,70973
2018-01-17,33312,67355
2018-01-16,45544,93845
2018-01-12,60723,116198
2018-01-11,24178,47844
2018-01-10,25837,52210
2018-01-09,30190,57721
2018-01-08,20697,47705
2018-01-05,36692,83149
2018-01-04,27433,55696
2018-01-03,31422,75761
2018-01-02,39051,88513
2017-12-29,20854,45399
2017-12-28,22354,48650
2017-12-27,19435,44067
2017-12-26,13147,29543
2017-12-22,12736,36852
2017-12-21,26492,62215
2017-12-20,25939,56669
2017-12-19,32614,60955
2017-12-18,26594,66082
2017-12-15,68232,119379
2017-12-14,28214,63677
2017-12-13,24970,61591
2017-12-12,38545,81175
2017-12-11,19492,43194
2017-12-08,25906,65817
2017-12-07,25746,56311
2017-12-06,23102,56953
2017-12-05,38616,83030
2017-12-04,35713,76536
2017-12-01,37563,78999
2017-11-30,39177,93361
2017-11-29,52409,97912
2017-11-28,40671,66954
2017-11-27,39490,64245
2017-11-24,28724,44291
2017-11-22,17306,32865
2017-11-21,25725,43459
2017-11-20,17550,37056
2017-11-17,23084,54049
2017-11-16,27398,53286
2017-11-15,19370,37201
2017-11-14,18317,39928
2017-11-13,23897,42736
2017-11-10,25049,48466
2017-11-09,39866,81579
2017-11-08,27475,57123
2017-11-07,27304,42891
2017-11-06,24094,40458
2017-11-03,42148,80521
2017-11-02,28671,52229
2017-11-01,54577,98023
2017-10-31,38013,63608
2017-10-30,51034,86442
2017-10-27,109377,245703
2017-10-26,42292,85466
2017-10-25,26385,58752
2017-10-24,25479,55248
2017-10-23,29594,64356
2017-10-20,33297,92836
2017-10-19,32892,94121
2017-10-18,33435,67335
2017-10-17,23383,43582
2017-10-16,24889,54940
2017-10-13,41565,89607
2017-10-12,45454,71469
2017-10-11,39935,75238
2017-10-10,27118,51341
2017-10-09,20869,38967
2017-10-06,36077,74645
2017-10-05,40048,85810
2017-10-04,32463,52599
2017-10-03,34853,56894
2017-10-02,44076,78149
2017-09-29,50033,95803
2017-09-28,40213,74032
2017-09-27,51949,134509
2017-09-26,35055,77153
2017-09-25,40823,81744
2017-09-22,32187,65711
2017-09-21,31895,68428
2017-09-20,45152,102835
2017-09-19,30649,61110
2017-09-18,28799,59178
2017-09-15,42377,80215
2017-09-14,28510,59600
2017-09-13,23706,57661
2017-09-12,31046,59597
2017-09-11,35551,69891
2017-09-08,34367,59963
2017-09-07,30157,67796
2017-09-06,36960,63600
2017-09-05,44976,74270
2017-09-01,31624,59292
2017-08-31,46457,81894
2017-08-30,30070,60077
2017-08-29,34625,72232
2017-08-28,25123,48589
2017-08-25,30499,59208
2017-08-24,33159,63559
2017-08-23,34426,68381
2017-08-22,49195,91769
2017-08-21,24941,57901
2017-08-18,40004,73758
2017-08-17,53108,87845
2017-08-16,35579,65098
2017-08-15,26809,46099
2017-08-14,27096,55604
2017-08-11,42052,81125
2017-08-10,56312,124424
2017-08-09,32409,65694
2017-08-08,34818,64520
2017-08-07,41458,62455
2017-08-04,36617,64181
2017-08-03,33335,66547
2017-08-02,65126,119965
2017-08-01,33475,64389
2017-07-31,62866,129904
2017-07-28,52633,108692
2017-07-27,100135,189367
2017-07-26,55811,112330
2017-07-25,153093,308160
2017-07-24,90733,186736
2017-07-21,61309,100198
2017-07-20,43575,76561
2017-07-19,37764,70584
2017-07-18,35959,72950
2017-07-17,37443,72168
2017-07-14,38528,70713
2017-07-13,55550,116956
2017-07-12,55066,115170
2017-07-11,43994,85091
2017-07-10,45552,79906
2017-07-07,47100,97358
2017-07-06,58382,94974
2017-07-05,48567,104813
2017-07-03,41098,79648
2017-06-30,64172,113165
2017-06-29,88382,186546
2017-06-28,74514,130657
2017-06-27,74234,146492
2017-06-26,41634,84812
2017-06-23,40127,73905
2017-06-22,25620,56374
2017-06-21,37112,69611
2017-06-20,36318,77502
2017-06-19,52288,104593
2017-06-16,63356,113748
2017-06-15,71579,153616
2017-06-14,63607,100328
2017-06-13,52209,116312
2017-06-12,118981,216223
2017-06-09,102297,245884
2017-06-08,31702,72811
2017-06-07,30722,80729
2017-06-06,33469,69569
2017-06-05,40754,75994
2017-06-02,47699,107673
2017-06-01,29467,68800
2017-05-31,44180,81235
2017-05-30,32483,58229
2017-05-26,49885,91915
2017-05-25,55629,101748
2017-05-24,27240,46313
2017-05-23,44761,85575
2017-05-22,27733,53757
2017-05-19,29792,68138
2017-05-18,38228,85742
2017-05-17,56246,114351
2017-05-16,18975,38159
2017-05-15,31164,66376
2017-05-12,28421,59641
2017-05-11,28233,50924
2017-05-10,32388,53883
2017-05-09,53454,91669
2017-05-08,58858,93444
2017-05-05,52520,89332
2017-05-04,63748,82513
2017-05-03,59777,98038
2017-05-02,68698,120467
2017-05-01,64179,112808
2017-04-28,181639,253218
2017-04-27,54445,133906
2017-04-26,36593,76595
2017-04-25,58596,109706
2017-04-24,38862,89959
2017-04-21,44216,85275
2017-04-20,52765,91175
2017-04-19,44239,88279
2017-04-18,39335,62538
2017-04-17,40377,78027
2017-04-13,57345,86879
2017-04-12,25309,55967
2017-04-11,34549,72840
2017-04-10,28442,49618
2017-04-07,40606,80416
2017-04-06,49418,97402
2017-04-05,61479,126044
2017-04-04,37236,72642
2017-04-03,64287,112922
2017-03-31,46545,80320
2017-03-30,34060,69523
2017-03-29,52101,89125
2017-03-28,62087,120312
2017-03-27,69977,125074
2017-03-24,80723,156182
2017-03-23,109101,210510
2017-03-22,64648,110580
2017-03-21,86168,174985
2017-03-20,43397,81086
2017-03-17,52880,70433
2017-03-16,53330,86344
2017-03-15,50666,86735
2017-03-14,40041,65544
2017-03-13,25533,54728
2017-03-10,53557,98278
2017-03-09,42633,102645
2017-03-08,39203,75186
2017-03-07,38575,77391
2017-03-06,34221,62404
2017-03-03,51293,84035
2017-03-02,49517,85055
2017-03-01,51209,108569
2017-02-28,42960,77209
2017-02-27,38432,71996
2017-02-24,63357,118671
2017-02-23,48578,93991
2017-02-22,52786,102561
2017-02-21,33847,74679
2017-02-17,77112,111692
2017-02-16,35334,67999
2017-02-15,51154,107104
2017-02-14,33360,64336
2017-02-13,37946,76636
2017-02-10,66228,112709
2017-02-09,50824,85484
2017-02-08,48371,83640
2017-02-07,48012,96412
2017-02-06,44079,85004
2017-02-03,60828,106027
2017-02-02,47532,92058
2017-02-01,62003,129827
2017-01-31,77274,143262
2017-01-30,121109,242401
2017-01-27,155278,242602
2017-01-26,80613,163246
2017-01-25,36790,92377
2017-01-24,37683,72048
2017-01-23,66033,117938
2017-01-20,48091,72432
2017-01-19,36548,55357
2017-01-18,21289,34906
2017-01-17,28075,54029
2017-01-13,25304,51925
2017-01-12,29816,52078
2017-01-11,32299,57966
2017-01-10,26932,48391
2017-01-09,32098,63179
2017-01-06,66250,131840
2017-01-05,36264,70094
2017-01-04,39054,67538
2017-01-03,53175,98171
2016-12-30,79454,110552
2016-12-29,29098,59644
2016-12-28,39259,65894
2016-12-27,30710,52371
2016-12-23,20463,32059
2016-12-22,39028,66426
2016-12-21,34048,66234
2016-12-20,23263,45889
2016-12-19,43048,79870
2016-12-16,57235,95557
2016-12-15,50958,93329
2016-12-14,62663,107381
2016-12-13,72246,140650
2016-12-12,47680,83154
2016-12-09,81009,136415
2016-12-08,52185,110445
2016-12-07,42509,102192
2016-12-06,47466,97380
2016-12-05,55284,105141
2016-12-02,48501,114631
2016-12-01,90871,188922
2016-11-30,66785,137431
2016-11-29,46892,84266
2016-11-28,92414,146782
2016-11-25,29859,48970
2016-11-23,54964,88862
2016-11-22,39054,81694
2016-11-21,70181,116465
2016-11-18,74262,130859
2016-11-17,40356,94272
2016-11-16,54614,105335
2016-11-15,75650,169158
2016-11-14,84076,178004
2016-11-11,86033,184350
2016-11-10,152663,310265
2016-11-09,97449,168688
2016-11-08,54566,103311
2016-11-07,44242,93814
2016-11-04,66699,121094
2016-11-03,65834,112435
2016-11-02,61559,127120
2016-11-01,83899,168203
2016-10-31,68690,123306
2016-10-28,122985,265064
2016-10-27,66107,147507
2016-10-26,45926,106507
2016-10-25,40350,99029
2016-10-24,39705,83970
2016-10-21,48635,92396
2016-10-20,35003,72127
2016-10-19,40626,75980
2016-10-18,79937,122818
2016-10-17,26893,46485
2016-10-14,39510,59121
2016-10-13,40038,75038
2016-10-12,27841,52181
2016-10-11,50190,95614
2016-10-10,59455,99192
2016-10-07,40029,72057
2016-10-06,37721,58377
2016-10-05,32026,60331
2016-10-04,42795,84283
2016-10-03,44578,78342
2016-09-30,62044,110153
2016-09-29,46591,88929
2016-09-28,42901,71673
2016-09-27,37606,69862
2016-09-26,54072,104426
2016-09-23,60718,96636
2016-09-22,82795,131888
2016-09-21,48154,93378
2016-09-20,32844,63845
2016-09-19,34246,63629
2016-09-16,70689,130774
2016-09-15,80379,126325
2016-09-14,52463,80331
2016-09-13,69421,107894
2016-09-12,76774,117228
2016-09-09,87842,137753
2016-09-08,48685,103167
2016-09-07,36361,69782
2016-09-06,74538,123595
2016-09-02,85501,132284
2016-09-01,38029,76128
2016-08-31,23373,49253
2016-08-30,39860,84552
2016-08-29,26211,53036
2016-08-26,52443,95271
2016-08-25,42885,71739
2016-08-24,35822,72323
2016-08-23,30254,51664
2016-08-22,41516,64275
2016-08-19,40801,84699
2016-08-18,38853,72399
2016-08-17,56079,92025
2016-08-16,33856,70238
2016-08-15,26885,51174
2016-08-12,28926,64988
2016-08-11,32287,71341
2016-08-10,35259,66041
2016-08-09,50018,109519
2016-08-08,36494,79621
2016-08-05,75886,107104
2016-08-04,38731,72471
2016-08-03,50003,90301
2016-08-02,108575,153469
2016-08-01,117409,174604
2016-07-29,251474,346598
2016-07-28,126517,208303
2016-07-27,85903,130908
2016-07-26,35637,69375
2016-07-25,34588,57997
2016-07-22,57105,85540
2016-07-21,33136,65615
2016-07-20,40189,77356
2016-07-19,53911,94312
2016-07-18,70708,133888
2016-07-15,55214,106882
2016-07-14,32286,59886
2016-07-13,39817,74928
2016-07-12,52489,96845
2016-07-11,36675,72265
2016-07-08,73833,118946
2016-07-07,35902,63904
2016-07-06,54816,101054
2016-07-05,45892,83189
2016-07-01,75374,123418
2016-06-30,52322,100983
2016-06-29,62464,127634
2016-06-28,72097,117629
2016-06-27,96241,162335
2016-06-24,139733,276818
2016-06-23,67334,138016
2016-06-22,66119,113088
2016-06-21,48689,89588
2016-06-20,53522,112649
2016-06-17,140582,247892
2016-06-16,82953,149290
2016-06-15,37926,64507
2016-06-14,38343,78187
2016-06-13,47979,87237
2016-06-10,46796,92097
2016-06-09,34650,67200
2016-06-08,60434,114911
2016-06-07,33578,68445
2016-06-06,47006,84676
2016-06-03,60704,96155
2016-06-02,66109,115340
2016-06-01,33893,66639
2016-05-31,64391,114858
2016-05-27,82476,140197
2016-05-26,43137,81578
2016-05-25,59230,103238
2016-05-24,78672,155354
2016-05-23,41915,65417
2016-05-20,95445,172376
2016-05-19,48778,88589
2016-05-18,64833,108873
2016-05-17,75356,116920
2016-05-16,41988,76249
2016-05-13,67408,104989
2016-05-12,54966,87207
2016-05-11,66514,105699
2016-05-10,49207,91604
2016-05-09,58697,93708
2016-05-06,57679,123224
2016-05-05,51323,72744
2016-05-04,50807,88593
2016-05-03,53938,98037
2016-05-02,49989,103517
2016-04-29,112957,194087
2016-04-28,89704,188629
2016-04-27,139764,226873
2016-04-26,76852,161459
2016-04-25,120420,168162
2016-04-22,251509,417929
2016-04-21,136575,251974
2016-04-20,55365,102915
2016-04-19,98692,175546
2016-04-18,66313,118297
2016-04-15,73866,108995
2016-04-14,58340,95260
2016-04-13,77613,118677
2016-04-12,72399,118152
2016-04-11,62433,98999
2016-04-08,43723,71272
2016-04-07,55694,81206
2016-04-06,50631,75130
2016-04-05,61295,83600
2016-04-04,57006,82742
2016-04-01,70430,116205
2016-03-31,58371,111278
2016-03-30,69708,110830
2016-03-29,56008,104108
2016-03-28,38532,74062
2016-03-24,56956,100543
2016-03-23,55077,87553
2016-03-22,36558,61463
2016-03-21,54342,95741
2016-03-18,88179,136468
2016-03-17,91441,135047
2016-03-16,66954,101141
2016-03-15,55362,88941
2016-03-14,61625,92100
2016-03-11,97108,142567
2016-03-10,123484,181420
2016-03-09,87787,130892
2016-03-08,74737,149544
2016-03-07,107387,196379
2016-03-04,97510,177373
2016-03-03,82563,149460
2016-03-02,62015,120966
2016-03-01,115153,178321
2016-02-29,78905,130258
2016-02-26,86143,153719
2016-02-25,72975,115806
2016-02-24,58582,95106
2016-02-23,85194,126601
2016-02-22,53738,99805
2016-02-19,58907,98146
2016-02-18,59013,129591
2016-02-17,90176,157589
2016-02-16,74810,126949
2016-02-12,80189,144007
2016-02-11,135726,222661
2016-02-10,130319,231291
2016-02-09,174148,298473
2016-02-08,132163,226751
2016-02-05,200174,320466
2016-02-04,132406,240070
2016-02-03,238024,363508
2016-02-02,267908,392450
2016-02-01,106029,189427
2016-01-29,120655,200862
2016-01-28,129505,199258
2016-01-27,66382,102750
2016-01-26,68803,95495
2016-01-25,80246,116290
2016-01-22,127684,194852
2016-01-21,142310,190160
2016-01-20,191376,261740
2016-01-19,97946,147184
2016-01-15,102511,173669
2016-01-14,82996,133516
2016-01-13,107241,154942
2016-01-12,116733,150310
2016-01-11,78981,119289
2016-01-08,72752,111299
2016-01-07,118405,176511
2016-01-06,77505,131454
2016-01-05,65822,105016
2016-01-04,104368,159429
2015-12-31,58641,89335
2015-12-30,42355,62661
2015-12-29,72990,102956
2015-12-28,57194,77461
2015-12-24,15666,23265
2015-12-23,38127,67145
2015-12-22,59112,86138
2015-12-21,74352,108977
2015-12-18,101976,151727
2015-12-17,69075,101749
2015-12-16,106397,154791
2015-12-15,64691,139797
2015-12-14,79831,155654
2015-12-11,79650,126712
2015-12-10,44300,84215
2015-12-09,79337,150720
2015-12-08,40750,74100
2015-12-07,65300,155584
2015-12-04,59058,115712
2015-12-03,55145,102498
2015-12-02,54995,118716
2015-12-01,58288,110989
2015-11-30,42701,81708
2015-11-27,28486,43030
2015-11-25,24765,46550
2015-11-24,62104,120934
2015-11-23,43062,91224
2015-11-20,106362,165386
2015-11-19,52218,80385
2015-11-18,41397,86396
2015-11-17,43684,79314
2015-11-16,86099,150563
2015-11-13,85443,143861
2015-11-12,59457,107375
2015-11-11,64153,111990
2015-11-10,43064,56828
2015-11-09,49339,72231
2015-11-06,41621,77059
2015-11-05,54519,71904
2015-11-04,40018,70556
2015-11-03,28656,57411
2015-11-02,33586,62982
2015-10-30,37788,68260
2015-10-29,44000,63418
2015-10-28,28617,54654
2015-10-27,43080,55122
2015-10-26,48056,75406
2015-10-23,139153,209213
2015-10-22,54131,132869
2015-10-21,29854,76650
2015-10-20,39201,85731
2015-10-19,26161,43073
2015-10-16,29791,46478
2015-10-15,55538,73659
2015-10-14,37773,55023
2015-10-13,47376,79712
2015-10-12,23417,46955
2015-10-09,37229,70065
2015-10-08,39135,72244
2015-10-07,51585,89075
2015-10-06,41405,72041
2015-10-05,40448,61994
2015-10-02,61131,83561
2015-10-01,38190,70851
2015-09-30,52343,80612
2015-09-29,39900,80024
2015-09-28,41855,86579
2015-09-25,39445,87059
2015-09-24,33616,58345
2015-09-23,35585,52896
2015-09-22,52579,76763
2015-09-21,34568,50565
2015-09-18,54274,87770
2015-09-17,63195,89203
2015-09-16,21998,35439
2015-09-15,30989,58675
2015-09-14,32037,62792
2015-09-11,35367,51581
2015-09-10,31730,51246
2015-09-09,51504,74790
2015-09-08,38580,73870
2015-09-04,45491,64575
2015-09-03,39722,67610
2015-09-02,31786,46347
2015-09-01,61273,84225
2015-08-31,48153,75546
2015-08-28,47417,91926
2015-08-27,61678,90103
2015-08-26,75374,147836
2015-08-25,71984,121378
2015-08-24,158275,249972
2015-08-21,113198,165813
2015-08-20,42226,63627
2015-08-19,51898,87471
2015-08-18,18188,39832
2015-08-17,30718,45554
2015-08-14,23836,47787
2015-08-13,32119,62287
2015-08-12,58818,106340
2015-08-11,96439,149373
2015-08-10,25816,64310
2015-08-07,25700,39347
2015-08-06,39901,72250
2015-08-05,39384,65819
2015-08-04,31302,44144
2015-08-03,26300,41879
2015-07-31,29080,59536
2015-07-30,42468,69868
2015-07-29,33002,65592
2015-07-28,36064,74038
2015-07-27,60003,117300
2015-07-24,76357,132156
2015-07-23,79521,157733
2015-07-22,76533,138856
2015-07-21,81580,124968
2015-07-20,88727,137393
2015-07-17,275325,424650
2015-07-16,87126,164764
2015-07-15,34022,66700
2015-07-14,60490,102185
2015-07-13,54307,77556
2015-07-10,55185,87881
2015-07-09,34914,52082
2015-07-08,45542,63786
2015-07-07,45656,59580
2015-07-06,31676,40980
2015-07-02,59632,72821
2015-07-01,46440,62852
2015-06-30,42828,65762
2015-06-29,34619,54133
2015-06-26,39361,56385
2015-06-25,26047,45016
2015-06-24,20530,36485
2015-06-23,45019,61727
2015-06-22,41685,60023
2015-06-19,37245,59653
2015-06-18,51713,73103
2015-06-17,39134,51592
2015-06-16,26257,42448
2015-06-15,23082,36370
2015-06-12,21378,35401
2015-06-11,18460,37518
2015-06-10,24935,47789
2015-06-09,23221,51171
2015-06-08,24553,40600
2015-06-05,25743,39384
2015-06-04,19158,34869
2015-06-03,28900,44317
2015-06-02,36855,60336
2015-06-01,35881,63870
2015-05-29,71747,108924
2015-05-28,27407,49175
2015-05-27,26884,53344
2015-05-26,41544,64832
2015-05-22,30544,54674
2015-05-21,35841,62067
2015-05-20,35496,55329
2015-05-19,51531,92152
2015-05-18,33593,45129
2015-05-15,41606,65272
2015-05-14,31634,57453
2015-05-13,21998,48072
2015-05-12,28140,51792
2015-05-11,14941,24631
2015-05-08,32490,49809
2015-05-07,50034,80022
2015-05-06,62846,86685
2015-05-05,38325,61079
2015-05-04,32169,53982
2015-05-01,47066,68333
2015-04-30,42878,73092
2015-04-29,33280,56601
2015-04-28,36341,78955
2015-04-27,43970,69788
2015-04-24,113776,187787
2015-04-23,88741,135272
2015-04-22,31315,53587
2015-04-21,37658,57342
2015-04-20,47929,90059
2015-04-17,45165,83685
2015-04-16,34204,66545
2015-04-15,51122,111342
2015-04-14,48201,83395
2015-04-13,36348,60463
2015-04-10,37517,69375
2015-04-09,34020,58775
2015-04-08,26865,53605
2015-04-07,35618,60591
2015-04-06,41894,81160
2015-04-02,70726,114290
2015-04-01,44469,70756
2015-03-31,41641,66043
2015-03-30,32920,52888
2015-03-27,53835,77639
2015-03-26,76338,112448
2015-03-25,82027,113745
2015-03-24,81322,135280
2015-03-23,27979,46421
2015-03-20,43358,73597
2015-03-19,32596,53625
2015-03-18,47121,74787
2015-03-17,28858,53948
2015-03-16,52620,75859
2015-03-13,57117,82686
2015-03-12,29691,78298
2015-03-11,48589,80235
2015-03-10,54433,86746
2015-03-09,29908,58282
2015-03-06,47558,63486
2015-03-05,40407,71512
2015-03-04,40524,65737
2015-03-03,59312,97547
2015-03-02,79671,138297
2015-02-27,99951,156134
2015-02-26,61585,105221
2015-02-25,57205,94467
2015-02-24,28985,65923
2015-02-23,41423,81466
2015-02-20,53329,102656
2015-02-19,33600,62574
2015-02-18,26140,59911
2015-02-17,35441,71960
2015-02-13,62224,103543
2015-02-12,50957,100802
2015-02-11,36606,88442
2015-02-10,43621,80877
2015-02-09,31518,72468
2015-02-06,40046,80885
2015-02-05,37206,69118
2015-02-04,32373,51433
2015-02-03,67735,107980
2015-02-02,76676,131629
2015-01-30,137460,234144
2015-01-29,85383,153619
2015-01-28,49267,82725
2015-01-27,39686,73731
2015-01-26,36242,76269
2015-01-23,77051,157127
2015-01-22,60390,125782
2015-01-21,49678,86658
2015-01-20,44691,84825
2015-01-16,54677,99446
2015-01-15,59989,89921
2015-01-14,54929,98013
2015-01-13,50979,96200
2015-01-12,51445,109696
2015-01-09,34287,77736
2015-01-08,44508,97348
2015-01-07,46019,78935
2015-01-06,54623,94646
2015-01-05,36637,61361
2015-01-02,19770,39359
2014-12-31,17364,29181
2014-12-30,13092,35067
2014-12-29,15589,37653
2014-12-26,21495,41111
2014-12-24,15736,29002
2014-12-23,64744,141608
2014-12-22,81384,187443
2014-12-19,64851,132259
2014-12-18,42186,111416
2014-12-17,35318,106146
2014-12-16,61828,132436
2014-12-15,41204,94082
2014-12-12,37862,80530
2014-12-11,37888,76485
2014-12-10,33134,79035
2014-12-09,38559,88237
2014-12-08,42969,115243
2014-12-05,38460,129612
2014-12-04,26400,59922
2014-12-03,28055,58958
2014-12-02,35858,71485
2014-12-01,24762,45833
2014-11-28,14227,24950
2014-11-26,26068,42656
2014-11-25,22984,50402
2014-11-24,26032,48385
2014-11-21,30439,59613
2014-11-20,23991,45946
2014-11-19,19748,45595
2014-11-18,20649,53428
2014-11-17,26088,55064
2014-11-14,35438,57338
2014-11-13,35564,58720
2014-11-12,19442,35582
2014-11-11,22023,35577
2014-11-10,21899,40528
2014-11-07,30582,62986
2014-11-06,27660,59991
2014-11-05,33029,56133
2014-11-04,26419,48573
2014-11-03,21359,47978
2014-10-31,54727,89925
2014-10-30,23591,49485
2014-10-29,36086,58039
2014-10-28,34166,61433
2014-10-27,17519,42482
2014-10-24,55067,90349
2014-10-23,35132,66387
2014-10-22,43911,85326
2014-10-21,37965,75377
2014-10-20,48631,75283
2014-10-17,148524,246992
2014-10-16,78303,127390
2014-10-15,102758,154191
2014-10-14,59269,109247
2014-10-13,87674,132856
2014-10-10,66549,129350
2014-10-09,43676,84843
2014-10-08,44134,86163
2014-10-07,26635,45450
2014-10-06,18890,34095
2014-10-03,21172,41747
2014-10-02,26632,52948
2014-10-01,26603,43041
2014-09-30,27578,42543
2014-09-29,25884,39716
2014-09-26,31279,45184
2014-09-25,34523,50877
2014-09-24,33620,66362
2014-09-23,22220,39195
2014-09-22,34923,57276
2014-09-19,67635,113153
2014-09-18,30939,52178
2014-09-17,29516,64405
2014-09-16,26225,51257
2014-09-15,28898,56098
2014-09-12,42502,75273
2014-09-11,33074,60808
2014-09-10,19627,28708
2014-09-09,34991,57175
2014-09-08,47754,72753
2014-09-05,37899,65971
2014-09-04,40576,70643
2014-09-03,30346,62346
2014-09-02,28565,43876
2014-08-29,19887,35473
2014-08-28,27514,41437
2014-08-27,28475,45860
2014-08-26,20643,42169
2014-08-25,24440,46054
2014-08-22,25546,36935
2014-08-21,17518,43754
2014-08-20,15392,26882
2014-08-19,20185,34985
2014-08-18,22081,41660
2014-08-15,36961,62976
2014-08-14,29396,42233
2014-08-13,44992,81480
2014-08-12,24883,40199
2014-08-11,22871,42619
2014-08-08,33978,63185
2014-08-07,26359,51963
2014-08-06,27465,49379
2014-08-05,49076,69287
2014-08-04,41662,62734
2014-08-01,44143,86098
2014-07-31,41327,86250
2014-07-30,23500,49918
2014-07-29,18622,40225
2014-07-28,20605,46272
2014-07-25,19794,45021
2014-07-24,22266,50247
2014-07-23,27997,46131
2014-07-22,41951,84731
2014-07-21,37932,77498
2014-07-18,117819,181448
2014-07-17,56807,96251
2014-07-16,32847,54739
2014-07-15,39216,61343
2014-07-14,47781,80588
2014-07-11,36709,77497
2014-07-10,37364,64680
2014-07-09,32865,61885
2014-07-08,39383,78449
2014-07-07,18727,40270
2014-07-03,26118,50430
2014-07-02,17757,35515
2014-07-01,37029,64223
2014-06-30,29575,49405
2014-06-27,34394,54467
2014-06-26,48951,93384
2014-06-25,45513,95364
2014-06-24,55028,114531
2014-06-23,36430,71364
2014-06-20,53449,100807
2014-06-19,82038,149924
2014-06-18,49001,105852
2014-06-17,24984,56483
2014-06-16,48941,79280
2014-06-13,42057,68596
2014-06-12,39018,73768
2014-06-11,42058,74818
2014-06-10,44102,73209
2014-06-09,40112,67260
2014-06-06,30369,66768
2014-06-05,44604,90390
2014-06-04,76317,120955
2014-06-03,42653,80793
2014-06-02,39732,72209
2014-05-30,41834,81721
2014-05-29,40006,76110
2014-05-28,48716,75024
2014-05-27,54648,99932
2014-05-23,85321,131951
2014-05-22,53251,87295
2014-05-21,54669,77349
2014-05-20,50476,92507
2014-05-19,41386,100530
2014-05-16,48988,79830
2014-05-15,60675,103941
2014-05-14,32138,50759
2014-05-13,52809,106580
2014-05-12,38778,69778
2014-05-09,64388,111601
2014-05-08,86571,143743
2014-05-07,67500,114366
2014-05-06,35559,71082
2014-05-05,20964,57411
2014-05-02,39291,81311
2014-05-01,39386,83573
2014-04-30,35216,86644
2014-04-29,41545,90063
2014-04-28,76380,140327
2014-04-25,48805,98828
2014-04-24,41549,77698
2014-04-23,33145,60158
2014-04-22,32737,79177
2014-04-21,37671,81286
2014-04-17,118589,223325
2014-04-16,97369,178677
2014-04-15,60930,142060
2014-04-14,61146,91688
2014-04-11,60500,98827
2014-04-10,68528,118084
2014-04-09,52226,106693
2014-04-08,71461,144122
2014-04-07,60576,127452
2014-04-04,87592,202214
2014-04-03,88778,216453
