"0	1	2	3	4	5	6	7	8	9	10	11	12	13	14"
"1.0	9718.07	9838.33	9728.25	46248428075.0	94440884.52489999	95609579.6231	94539814.47749999	449445461422815.25	96792737.1889	95709733.8225	455007297383114.75	94638848.0625	449916270420618.75	2.1389170994084483e+21"
"1.0	9762.68	10125.87	9747.39	47166351947.0	95309920.78240001	98855628.53160001	95160649.4052	460470000825938.0	102533243.25690001	98700803.9793	477600348189568.94	95011611.8121	459748827304668.3	2.2246647559882707e+21"
"1.0	10102.09	10533.73	10009.76	61191201960.0	102052222.3681	106412688.4957	101119496.39840001	618159029408096.4	110959467.7129	105440109.2048	644571599822110.8	100195295.25760001	612509245731129.6	3.744363197309508e+21"
"1.0	10457.43	10678.71	10457.43	48819317887.0	109357842.20490001	111671862.31529999	109357842.20490001	510524599451050.44	114034847.26409999	111671862.31529999	521327338113085.75	109357842.20490001	510524599451050.44	2.3833257989519583e+21"
"1.0	10642.22	10773.18	10601.61	46430279131.0	113256846.52839999	114650551.65959999	112824665.9742	494121245173510.8	116061407.31240001	114213052.8198	500201754528506.56	112394134.59210001	492235711538000.94	2.155770820182574e+21"
"1.0	10669.92	10856.68	10657.62	46663641494.0	113847192.8064	115839907.06560001	113715952.79040001	497897321649660.5	117867500.6224	115706369.90160002	506612223335079.94	113584864.06440002	497323358859284.3	2.1774954374805586e+21"
"1.0	10836.04	10941.6	10836.04	50755776012.0	117419762.88160002	118563615.26400001	117419762.88160002	549991619097072.5	119718610.56	118563615.26400001	555349398812899.2	117419762.88160002	549991619097072.5	2.576148798580315e+21"
"1.0	10943.52	10927.05	10822.7	46408881575.0	119760629.99040002	119580390.21599999	118438433.90400001	507876523693644.0	119400421.70249999	118260184.035	507112169414103.7	117130835.29000002	502269402621752.56	2.1537842890423746e+21"
"1.0	10916.63	12314.77	10859.3	83529140534.0	119172810.55689998	134435787.6251	118546960.15899998	911856721427680.4	151653560.1529	133729781.861	1028642153973887.2	117924396.48999998	907067995800866.1	6.977117318348721e+21"
"1.0	12206.79	13105.13	11900.92	93450881605.0	149005722.10410002	159971569.8327	145272031.2468	1140735287067098.0	171744432.31689999	155963103.7196	1224685952048133.5	141631896.8464	1112151465910576.6	8.733067272751728e+21"
"1.0	12103.09	12691.06	12096.09	62856948072.0	146484787.5481	153601041.3754	146400065.9181	760763299640742.5	161063003.9236	153512203.9554	797721299398636.2	146315393.2881	760323301004238.5	3.9509959209261046e+21"
"1.0	12650.38	12847.4	12568.09	57245685298.0	160032114.14439997	162524492.012	158991114.3742	724179672380113.2	165055686.76	161467279.466	735458217297525.1	157956886.2481	719468924936940.9	3.277068485237653e+21"
"1.0	12813.78	13076.46	12596.06	66576018255.0	164192957.88840002	167558881.61879998	161403141.7068	853090451195554.0	170993806.13159996	164711874.7476	870578639670777.2	158660727.52359998	838595520501075.2	4.432366206690093e+21"
"1.0	12573.69	12618.09	12212.5	64383494855.0	158097680.2161	158655952.0521	153556189.125	809538105423365.0	159216195.2481	154098424.125	812396732594927.0	149145156.25	786283430916687.5	4.1452344097438113e+21"
"1.0	12551.5	12740.02	12452.61	60591228695.0	157540152.25	159906361.03	156298934.41500002	760510806965292.5	162308109.6004	158646500.45220003	771933465398873.9	155067495.81210002	754518940359644.0	3.6712969947697916e+21"
"1.0	12648.7	13337.79	12602.54	69930093790.0	159989611.69000003	168705704.37300003	159405747.698	884524777321573.0	177896642.08410004	168090031.9866	932712905651324.1	158824014.45160002	881296804192226.6	4.890218017478196e+21"
"1.0	13118.5	13969.81	12917.11	85388681944.0	172095042.25	183262952.48499998	169453107.535	1120171424082364.0	195155591.43609998	180449572.4491	1192863662908110.5	166851730.75210002	1102974997425661.9	7.291227004133591e+21"
"1.0	13883.13	13931.15	13611.7	72578485493.0	192741298.5969	193407966.49949998	188973000.621	1007616549302433.0	194076940.3225	189626634.455	1011101768175806.9	185278376.89000002	987916570985068.1	5.267636556457611e+21"
"1.0	13793.51	13896.76	13429.67	65274061291.0	190260918.1201	191685098.02760002	185242287.4417	900358417158021.4	193119938.49760002	186628900.8692	907097963986317.1	180356036.3089	876609102697904.0	4.2607030774212246e+21"
"1.0	13444.42	13450.61	11767.84	88188810414.0	180752429.1364	180835650.09620002	158211783.4528	1185647406506190.0	180918909.37210003	158284626.3824	1186193295242652.5	138482058.2656	1037791810742285.8	7.777266282236434e+21"
"1.0	12193.24	12639.67	11745.08	80096322005.0	148675101.6976	154118529.8308	143210579.2592	976633677324246.1	159761257.7089	148453935.3236	1012391078356938.4	137946904.2064	940737709654485.4	6.415420798728647e+21"
"1.0	12073.91	12553.66	12016.46	59342846267.0	145779302.6881	151571761.0106	145085656.55859998	716500184971594.0	157594379.3956	150850553.24359998	744969915468187.2	144395310.93159997	713090938453554.8	3.521573403068796e+21"
"1.0	12399.22	13138.76	12399.22	64195297371.0	153740656.6084	162910375.7672	153740656.6084	795971615068450.6	172627014.3376	162910375.7672	843446605286200.0	153740656.6084	795971615068450.6	4.1210362045511196e+21"
"1.0	13064.09	13785.38	13053.15	79187547236.0	170670447.5281	180093445.00419998	170527526.3835	1034513243970355.2	190036701.74439996	179942632.947	1091630429916209.6	170384724.92249998	1033646932203593.4	6.270667637253731e+21"
"1.0	13660.76	13691.7	13066.92	67954478024.0	186616363.77760002	187039027.692	178504058.05920002	928309815211138.2	187462648.89000002	178908348.564	930412326761200.9	170744398.2864	887955727981366.1	4.617811083514299e+21"
"1.0	13169.67	13493.04	13064.85	51020709976.0	173440207.9089	177698884.0968	172059763.0995	671925913549627.9	182062128.44160002	176284543.64400002	688424480534567.1	170690305.5225	666577922729943.6	2.603112846455106e+21"
"1.0	13226.01	13858.14	13190.2	56486445444.0	174927340.5201	183287898.2214	174453717.102	747090292306798.5	192048044.25959998	182791638.22800002	782797069065314.1	173981376.04000002	745067512695448.9	3.1907185188979883e+21"
"1.0	13634.92	13945.72	13466.35	58311257556.0	185911043.4064	190148776.5424	183612604.942	795069331875455.5	194483106.3184	187797946.52199998	813192470723860.2	181342582.32250002	785239803189240.6	3.4002027577621673e+21"
"1.0	13560.51	13682.08	13308.7	54715061711.0	183887431.4601	185535982.6608	180472759.437	741964141482632.6	187199313.1264	182090698.09600002	748615851534838.9	177121495.69000003	728186341793185.8	2.993737978038538e+21"
"1.0	13555.77	13664.71	13141.05	50815353532.0	183758900.29290003	185235665.87669998	178137051.3585	688841244948479.6	186724299.3841	179568637.3455	694377069562255.6	172687195.1025	667767101531688.6	2.582200154582145e+21"
"1.0	13240.8	13300.1	12369.6	54848196095.0	175318784.64	176103964.07999998	163783399.68	726233994854676.0	176892660.01000002	164516916.96	729486492883109.5	153007004.16	678450246416712.0	3.008324614875573e+21"
"1.0	12664.34	12934.79	12610.04	41742535872.0	160385507.6356	163810578.38860002	159697833.9736	528641666745204.5	167308792.34410003	163108219.29160002	539930935571786.94	159013108.8016	526375047047354.94	1.742439301025207e+21"
"1.0	12861.38	13025.83	12767.63	38825945503.0	165415095.50439999	167530149.4454	164209341.12939999	499355238973374.1	169672247.1889	166308977.8829	505740165711342.5	163012375.81689999	495715306582467.9	1.507454044201926e+21"
"1.0	12899.5	13006.09	12291.24	45477123670.0	166397100.25	167772057.955	158550850.38	586632156781165.0	169158377.08810002	159860973.6516	591479563393150.2	151074580.7376	558970241537650.8	2.0681687772964743e+21"
"1.0	12287.26	12519.43	12189.15	43716845839.0	150976758.3076	153829491.4618	149771255.229	537160251203711.1	156736127.52490002	152601210.1845	547309991302151.8	148575377.7225	532871191458446.8	1.9111626101108916e+21"
"1.0	12448.77	12506.55	12102.19	40776269464.0	154971874.51290002	155691164.44349998	150657379.8063	507614400015359.3	156413792.90249997	151356644.3445	509970452864989.2	146463002.79610002	493482160544526.2	1.6627041514007387e+21"
"1.0	12180.68	12685.89	12177.17	45041320319.0	148368965.2624	154522766.6052	148326211.0756	548633909583236.94	160931805.0921	154478239.1313	571389235021598.9	148283469.2089	548475814548917.25	2.0287205360787624e+21"
"1.0	12635.77	13149.15	12594.93	47338134419.0	159662683.4929	166149635.0955	159146638.6461	598153778747567.6	172900145.7225	165612623.8095	622456230195593.9	158632261.7049	596220489337895.6	2.2408989702713125e+21"
"1.0	13124.61	13196.65	12885.62	45306900255.0	172255387.65210003	173200884.55650002	169118737.1082	594635396155775.6	174151571.2225	170047017.173	597899305250145.8	166039202.78440002	583807500063833.1	2.052715210716519e+21"
"1.0	12999.74	13364.88	12900.33	45067717513.0	168993240.06759998	173739965.1312	167700935.9142	585868610062446.6	178620017.41439998	172411362.4104	602324636435143.4	166418514.1089	581388428264479.2	2.031099161831567e+21"
"1.0	13359.47	13359.8	12999.26	38262651032.0	178475438.68089998	178479847.306	173663223.9922	511168738582473.0	178484256.04	173667513.748	511181365257313.56	168980760.5476	497386149054236.3	1.4640304639966107e+21"
"1.0	13037.8	13849.41	12830.78	47818587074.0	169984228.83999997	180565837.69799998	167285143.484	623449174553397.1	191806157.3481	177698732.8398	662259218008526.4	164628915.40840003	613549770657337.8	2.2866172697537198e+21"
"1.0	13806.65	13741.63	12767.56	52870709560.0	190623584.2225	189725875.83949998	176277232.274	729967382146574.0	188832395.05689996	175447085.52279997	726529728610982.8	163010588.3536	675029956549873.6	2.7953119293778753e+21"
"1.0	12879.21	13066.38	12789.36	33745915782.0	165874050.22409996	168284651.95979998	164716853.2056	434620735998692.2	170730286.30439997	167110637.7168	440936959055609.1	163567729.2096	431588665465679.56	1.1387868319658367e+21"
"1.0	13029.94	13332.89	12865.56	35000969142.0	169779336.4036	173726756.7266	167637474.8664	456060527862111.5	177765955.7521	171535096.26839998	466664071463680.4	165522634.1136	450307068554549.5	1.2250678408792362e+21"
"1.0	13232.76	13301.33	12960.17	31553918280.0	175105937.21760002	176013307.5708	171498819.1692	417545427658852.8	176925379.7689	172387498.0261	419709079835312.4	167966006.4289	408944145074907.6	9.956497588209181e+20"
"1.0	12971.95	13117.61	12872.79	27431833128.0	168271486.8025	170160981.03950003	166985188.24050003	355844367744759.6	172071692.1121	168860238.83190003	359840088558184.1	165708722.38410002	353124227171787.1	7.525054687624382e+20"
"1.0	12955.97	13094.59	12700.59	33507803432.0	167857158.6409	169653115.20229998	164548463.0223	434126096030889.0	171468287.2681	166309018.80810001	438770947742632.9	161304986.3481	425568873190424.9	1.122772890837551e+21"
"1.0	13073.56	13109.17	12955.63	28724451794.0	170917971.0736	171383520.5452	169376206.14279997	375530843995966.6	171850338.0889	169837556.1271	376553721724351.0	167848348.69689998	372143369395900.2	8.250941308658298e+20"
"1.0	13067.05	13147.8	13023.36	31833021280.0	170747795.7025	171802959.98999998	170176896.288	415963680716824.0	172864644.83999997	171228532.608	418534197185184.0	169607905.68960002	414572896017100.8	1.0133412438129329e+21"
"1.0	13145.23	13276.43	13036.73	34518676148.0	172797071.75289997	174521725.9289	171370814.2979	453755937260974.0	176263593.5449	173081233.2739	458284787571591.6	169956329.09289998	450010660898916.0	1.1915390030105042e+21"
"1.0	13253.5	13333.49	12614.49	41244460346.0	175655262.25	176715409.715	167186143.215	546633455195711.0	177781955.5801	168195176.2701	549932599578787.5	159125357.9601	520277832590013.5	1.7011055092327664e+21"
"1.0	12709.53	12932.88	12671.92	30725609173.0	161532152.82090002	164370826.3464	161054147.3976	390508051552518.7	167259385.0944	163884420.72959998	397370616361308.2	160577556.4864	389352461391522.2	9.440630590519417e+20"
"1.0	12883.42	12900.37	12768.28	23868245416.0	165982510.8964	166200884.86540002	164499113.9176	307504630357402.75	166419546.1369	164715536.26360002	307909197117203.94	163028974.15840003	304756440580204.5	5.69693139238405e+20"
"1.0	12879.1	12885.51	12739.15	25903583961.0	165871216.81	165953771.84100002	164068786.765	333614848192115.1	166036367.9601	164150444.71649998	333780890165305.1	162285942.7225	329989641616773.1	6.709956620245765e+20"
"1.0	12801.99	12896.67	12290.48	36136581920.0	163890947.9601	165103040.3733	157342602.05519998	462620160374020.8	166324097.0889	158506264.7016	466041571950206.4	151055898.6304	444135937356121.56	1.305852552860871e+21"
"1.0	12795.83	12965.88	12726.54	29184533677.0	163733265.3889	165909196.28039998	162846642.3282	373440331560166.94	168114044.17439997	165010790.4552	378403161511940.75	161964820.37160003	371418135221687.6	8.517370059439471e+20"
"1.0	12902.02	12919.16	12650.81	27395680257.0	166462120.08040002	166683260.7032	163221003.6362	353459614589419.1	166904695.1056	163437838.5196	353929176549024.1	160042993.65609998	346577545752058.1	7.505232967437796e+20"
"1.0	12873.31	12874.96	12686.15	24155673479.0	165722110.3561	165743351.31759998	163312741.65649998	310963472953945.5	165764595.00159997	163333673.804	311003329815185.8	160938401.8225	306442497105615.8	5.83496561224064e+20"
"1.0	12791.84	12794.76	12621.58	26717885071.0	163631170.58560002	163668522.7584	161453231.9072	341770910966620.6	163705883.4576	161490086.9208	341848927191027.94	159304281.6964	337221923854432.2	7.138453826671647e+20"
"1.0	12644.25	12785.8	12584.94	23313296616.0	159877058.0625	161666851.64999998	159127127.595	294779150736858.0	163476681.64	160908525.852	298079147872852.8	158380714.8036	293396439114563.06	5.435097991055971e+20"
"1.0	12698.64	12794.16	12664.26	20866871037.0	161255457.8496	162468431.94239998	160818878.60639998	264980883225289.66	163690530.1056	162028568.7216	266974086746743.9	160383481.3476	264263480199037.62	4.3542630687478946e+20"
"1.0	12664.92	13056.0	12668.38	28496005406.0	160400198.6064	165353195.52	160444019.22959998	360899628786557.5	170459136.0	165398369.28	372043846580736.0	160487851.82439998	360998224965262.25	8.120223240987813e+20"
"1.0	13022.06	13066.63	12929.43	23031642516.0	169574046.6436	170154439.85779998	168367813.2258	299919430741902.94	170736819.55689996	168944077.9209	300945951048841.06	167170160.1249	297786009695645.9	5.304565569848188e+20"
"1.0	13044.72	13117.09	12620.23	25872351423.0	170164719.87839997	171108766.26479998	164627366.68559998	337497580054636.56	172058050.0681	165540692.7307	339369962127119.06	159270205.25289997	326515025599087.25	6.693785681552102e+20"
"1.0	12708.68	12741.9	12410.43	25386798592.0	161510547.3424	161932729.692	157720183.5324	322632699530178.56	162356015.60999998	158132458.017	323476048979404.8	154018772.7849	315061086850114.56	6.444895427507732e+20"
"1.0	12629.27	12700.01	12478.42	25103964291.0	159498460.73290002	160391855.29270002	157593335.3534	317044743101397.56	161290254.00010002	158476058.7842	318820597535342.94	155710965.69640002	313257810088100.25	6.302090231238031e+20"
"1.0	12548.0	12602.73	12315.86	23641682587.0	157452304.0	158139056.04	154539411.28	296655833101676.0	158828803.4529	155213458.2978	297949742389662.5	151680407.5396	291167652905929.8	5.58929155544459e+20"
"1.0	12384.63	12588.68	12284.8	19916227978.0	153379060.23689997	155906143.98839998	152142702.62399998	246655114503178.12	158474864.1424	154649416.06399998	250719020822089.03	150916311.04	244666877464134.38	3.9665613687167e+20"
"1.0	12501.65	12620.33	12371.51	22480712343.0	156291252.7225	157774948.5445	154664287.9915	281045997462865.94	159272729.3089	156132538.7983	283714008403733.2	153054259.6801	278120357558547.94	5.0538242744871256e+20"
"1.0	12545.05	12590.16	12430.25	21361266758.0	157378279.50249997	157944186.70799997	155938107.7625	267978159542447.88	158512128.8256	156498836.34	268941766285901.28	154511115.0625	265525886118629.5	4.5630371750643584e+20"
"1.0	12415.63	12656.68	12356.55	21708531243.0	154147868.29689997	157140655.9084	153414352.87649998	269525091756528.06	160191548.62240002	156392899.254	274757933212653.25	152684327.90249997	268242551730691.62	4.712603287283071e+20"
"1.0	12546.96	12593.85	12277.39	22171501619.0	157426205.24159998	158014532.19599998	154043921.23439997	278184943953528.22	158605057.82250002	154619608.0515	279224565664443.16	150734305.2121	272208172262094.4	4.915754840413196e+20"
"1.0	12382.18	12485.77	12275.12	17722659652.0	153318381.5524	154601051.57860002	151992745.3616	219445161889801.38	155894452.4929	153264325.0424	221281052203152.06	150678571.0144	217547773947458.25	3.1409266514062875e+20"
"1.0	12309.59	12443.82	12268.12	16654280664.0	151526005.9681	153178322.2338	151015527.27080002	205007366718767.75	154848656.19239998	152662277.0184	207242870812296.47	150506768.33440003	204316713699631.7	2.7736506443528428e+20"
"1.0	12366.31	12415.22	12172.25	17485470182.0	152925623.0161	153530459.23819998	150525816.8975	216230744766368.4	154137687.64839998	151121161.64499998	217085959112970.03	148163670.0625	212837514422849.5	3.057416674856111e+20"
"1.0	12294.66	12693.78	12274.04	24220899641.0	151158664.5156	156065709.2148	150905148.62640002	297787725980217.06	161132050.68840003	155803963.47120002	307454771444933.0	150652057.9216	297288291029619.7	5.866519794193939e+20"
"1.0	12658.16	12665.74	12487.86	18829262545.0	160229014.5856	160324963.4384	158073329.93760002	238343817976617.2	160420969.7476	158167987.91640002	238486543786708.28	155946647.37960002	235137194565203.72	3.545411279885399e+20"
"1.0	12589.01	12775.44	12579.29	26634359375.0	158483172.78010002	160830141.9144	158360807.60290003	335300216515468.75	163211867.1936	160705964.6376	340265660133750.0	158238536.90410003	335041330542343.75	7.093890993166504e+20"
"1.0	12745.1	12747.67	12549.81	24445674056.0	162437574.01000002	162470328.917	159948583.431	311562560411125.6	162503090.4289	159980836.4427	311625385793449.5	157497731.0361	306788564724729.4	5.975909800521915e+20"
"1.0	12593.59	12626.64	12419.74	22921808506.0	158598509.08810002	159014727.2376	156409113.4666	288667858383076.56	159432037.6896	156819585.87359998	289425424154199.8	154249941.6676	284682901974308.44	5.25409305185734e+20"
"1.0	12613.1	12634.88	12507.02	18004640807.0	159090291.61	159365004.928	157752293.962	227094334962771.72	159640192.61439997	158024696.8576	227486476039548.16	156425549.2804	225184402665965.16	3.241670905890896e+20"
"1.0	12557.21	12663.69	12496.85	19651729174.0	157683522.98409998	159020614.7049	156925569.78849998	246770890101044.53	160369044.41610003	158256234.3765	248863406223492.06	156171259.9225	245584711728101.9	3.861904595282427e+20"
"1.0	12614.76	12629.26	12551.05	23843600753.0	159132169.8576	159315083.8776	158328483.498	300781301034914.3	159498208.1476	158510473.723	301127033245832.8	157528856.1025	299262225230940.6	5.6851729686846217e+20"
"1.0	12573.41	12638.47	12494.7	24596285149.0	158090639.02809998	158908665.08269998	157100985.92700002	309259177655288.06	159730923.9409	157913891.109	310859411967082.0	156117528.09	307323204051210.3	6.04977243130918e+20"
"1.0	12569.3	12616.58	12394.11	21402065194.0	157987302.48999998	158581578.994	155785286.82299998	269008978042944.2	159178090.8964	156371280.3438	270020867685316.53	153613962.69210002	265259550241607.34	4.5804839456822624e+20"
"1.0	12415.95	12451.36	12300.19	21326918152.0	154155814.4025	154595463.192	152718544.03050002	264793949429324.4	155036365.84960002	153154093.75840002	265549135601086.72	151294674.0361	262325145384048.9	4.548374378621071e+20"
"1.0	12393.65	12462.38	12349.18	18937772921.0	153602560.3225	154454375.887	153051414.707	234708129362351.66	155310915.26439998	153900173.8484	236009722495211.97	152502246.6724	233865966600554.78	3.5863924320736084e+20"
"1.0	12427.99	12535.68	12358.92	16639032803.0	154454935.44009998	155793305.6832	153596534.1708	206789733285355.97	157143273.0624	154927466.2656	208581590727911.03	152742903.5664	205640475289652.75	2.7685741261931004e+20"
"1.0	12436.57	12492.28	12354.59	17564049329.0	154668273.3649	155361114.6796	153648723.3563	218436528963561.53	156057059.59840003	154336997.5652	219415022151680.12	152635894.0681	216996628199570.12	3.084958288315453e+20"
"1.0	12471.19	12528.93	12386.92	18605321210.0	155530580.01610002	156250666.52670002	154479632.8348	232030495820939.9	156974086.9449	155194853.5956	233104767067605.3	153435787.0864	230462625402573.2	3.461579773272759e+20"
"1.0	12392.88	12662.1	12371.18	24293920504.0	153583474.69439998	156919885.848	153314549.1984	301071641535611.5	160328776.41	156645118.278	307612050813698.44	153046094.5924	300544463460674.75	5.901945734546716e+20"
"1.0	12604.47	12788.19	12551.99	22183773152.0	158872663.9809	161188357.2093	158211181.3953	279614703181189.44	163537803.47610003	160517232.9981	283690305984674.9	157552452.9601	278450498766172.47	4.92119791259396e+20"
"1.0	12783.98	12833.32	12715.52	24324522006.0	163430144.6404	164060906.21359998	162554953.3696	310964202834263.9	164694102.22239998	163182337.1264	312164374750039.94	161684448.8704	309298946057733.1	5.916823708203783e+20"
"1.0	12849.0	12910.14	12717.91	22209594136.0	165096801.0	165882388.85999998	163412425.59	285371075053464.0	166671714.8196	164189998.6074	286728969638939.0	161745234.7681	282459619358175.75	4.932660716858456e+20"
"1.0	12799.56	13019.1	12785.21	22283157610.0	163828736.1936	166638751.596	163645062.50759998	285214612818651.56	169496964.81	166451927.511	290106657240351.0	163461594.74409997	284894849506948.06	4.965391130721009e+20"
"1.0	12986.47	13447.39	12949.73	27512854690.0	168648403.06089997	174634126.81329998	168171280.15309998	357294862046044.3	180832297.8121	174140069.7047	369976087029759.06	167695507.0729	356284039764733.7	7.56957173193055e+20"
"1.0	13288.51	15132.35	13270.79	47171673941.0	176584498.0201	201086384.2985	176349025.6229	626841260881717.9	228988016.5225	200818239.05650002	713818280161091.4	176113867.22410002	626005378819483.4	2.2251668223960186e+21"
"1.0	14697.85	14954.06	14239.19	38486682473.0	216026794.6225	219792530.771	209285478.74150002	565671485985783.1	223623910.4836	212933701.6114	575532158902190.4	202754531.85610002	548019184202716.9	1.4812247277775254e+21"
"1.0	14600.41	15074.24	14523.11	32842463658.0	213171972.1681	220090084.4384	212043360.4751	479513434816899.75	227232711.5776	218924845.6864	495075179371969.94	210920724.0721	476974712376136.4	1.0786274191270508e+21"
"1.0	14808.55	14991.46	14615.35	30655706597.0	219293153.1025	222001784.98299998	216432141.2425	453966563927004.3	224743872.93159997	219105434.91099998	459573799220661.56	213608455.6225	448043881412463.94	9.397723469613493e+20"
"1.0	14900.8	15303.06	14749.48	31061548225.0	222033840.64	228027836.44799998	219779051.584	462841917791080.0	234183645.3636	225712177.40879998	475336736180068.5	217547160.2704	458141684313673.0	9.648197781340007e+20"
"1.0	15185.21	15818.5	15074.04	34971254848.0	230590602.74409997	240207244.385	228902462.9484	531045848830398.06	250224942.25	238448701.74	553192794813088.0	227226681.9216	527158094428945.94	1.2229886656437635e+21"
"1.0	15770.21	16139.53	14776.91	36724501598.0	248699523.44409996	254523777.40129998	233034973.8511	579153102345795.5	260484428.62090003	238492382.2523	592716195275969.0	218357069.1481	542674654908502.2	1.3486890176215046e+21"
"1.0	14796.64	15343.52	14763.3	27154669667.0	218940555.28959998	227032541.7728	218447235.31199998	401797871381518.9	235423605.99040002	226520988.81599998	416648217129007.9	217955026.89	400892534694821.06	7.373760847238899e+20"
"1.0	15064.68	15253.83	14884.99	28257237015.0	226944583.5024	229794067.7244	224237611.1532	425686233315130.2	232679329.66889998	227053107.0117	431031089696517.44	221562927.3001	420608690395904.9	7.984714437218861e+20"
"1.0	14898.17	15640.13	14838.57	32382554329.0	221955469.3489	233009315.5621	221067538.4169	482440799427677.94	244613666.41689998	232077163.8141	506467359437622.75	220183159.6449	480510799189669.5	1.0486298248706366e+21"
"1.0	15586.7	15834.94	15384.3	31168967107.0	242945216.89000002	246814459.298	239790468.81	485821339606676.94	250745324.8036	243609467.442	493558724001318.6	236676686.48999998	479512740664220.06	9.71504510517248e+20"
"1.0	15689.08	15876.8	15280.1	30963757388.0	246147231.2464	249092385.34399998	239730711.308	485792866760923.06	252072778.23999998	242599091.68	491605383297798.4	233481456.01000002	473129309264378.8	9.587542715829246e+20"
"1.0	15533.27	15794.62	15471.19	23520550857.0	241282476.89290002	245342097.0074	240318171.49130002	365351067010512.4	249470020.9444	244361566.99780002	371498162976989.4	239357720.01610002	363890911213309.8	5.532163126167234e+20"
"1.0	15710.64	15802.64	15458.28	23417711747.0	246824209.20959997	248269588.08959997	242859472.0992	367907238880888.06	249723430.9696	244281633.8592	370061668361612.06	238958420.55840003	361997545144415.2	5.483892234655818e+20"
"1.0	15615.18	16110.86	15615.18	34873621577.0	243833846.43240002	251573978.85480002	243833846.43240002	544557878176738.9	259559809.93960002	251573978.85480002	561844034920026.25	243833846.43240002	544557878176738.9	1.2161694818958e+21"
"1.0	15867.13	15914.48	14895.83	35990897086.0	251765814.43689996	252517123.04239997	236354071.06789997	571072242880183.1	253270673.6704	237059388.61839998	572776411857205.2	221885751.3889	536114284540551.4	1.2953446730550432e+21"
"1.0	15179.92	15543.23	14994.04	33194861402.0	230429971.2064	235944987.9416	227608327.6768	503895340493447.8	241591998.8329	233055812.3492	515955365589408.44	224821235.52160004	497725079656044.1	1.1018988234979894e+21"
"1.0	15347.39	15597.79	14843.85	36391228285.0	235542379.8121	239385366.2681	227814355.0515	558510373068926.1	243291052.88410002	231531255.0915	567622736631490.1	220339882.82250002	540185933978297.25	1.324321496090984e+21"
"1.0	15566.4	16102.31	15495.5	32157711558.0	242312808.95999998	250654998.38399997	241209151.2	500579801196451.2	259284387.33609998	249513344.605	517813440397498.94	240110520.25	498299819446989.0	1.0341184126475268e+21"
"1.0	15614.12	15872.18	15614.12	30986145948.0	243800743.37440002	247830123.1816	243800743.37440002	483821401169585.8	251926097.9524	247830123.1816	491817685992926.6	243800743.37440002	483821401169585.8	9.601412407107568e+20"
"1.0	15744.13	15834.63	15542.5	27279229871.0	247877629.45689997	249302473.2219	244703140.52499998	429487741388907.2	250735507.23689997	246109736.77499998	431956511692232.7	241569306.25	423987430270017.5	7.441563823548587e+20"
"1.0	15765.36	16317.87	15642.4	37323494617.0	248546575.92960003	257257094.9832	246608067.264	588418329095067.1	266272881.33690003	255250649.688	609039933105905.9	244684677.76	583829032196960.8	1.393043250425228e+21"
"1.0	16199.82	16277.64	15759.15	34263017233.0	262434168.03239998	263694838.02479997	255295393.353	555054711831498.06	264961563.9696	256521770.406	557721059832570.1	248350808.7225	539956028027431.94	1.173954349908855e+21"
"1.0	15775.46	15827.31	15451.24	32375127124.0	248865138.21159998	249683095.8126	243750418.57039997	510732522939577.0	250503741.83609998	244551565.3644	512411173280956.44	238740817.53759998	500235859223433.75	1.0481488562951605e+21"
"1.0	15540.23	15690.33	15485.75	26579591364.0	241498748.4529	243831336.9759	240652116.7225	413052963102573.7	246186455.5089	242976527.79749998	417042559766310.1	239808453.0625	411604906965063.0	7.064746770772234e+20"
"1.0	15648.54	15668.35	15237.61	31308540811.0	244876804.13160002	245186801.70900002	238446349.58940002	489932953222565.94	245497191.72250003	238748206.6435	490553175416031.9	232184758.5121	477067334547101.75	9.802247277140526e+20"
"1.0	15264.62	15401.55	15084.55	26646686618.0	233008623.74440002	235098808.161	230259923.621	406751545482855.2	237207742.40249997	232325451.05249998	410400276281457.9	227543648.7025	401953276623551.9	7.100459077179003e+20"
"1.0	15388.76	15437.3	15178.29	24361872144.0	236813934.3376	237560904.748	233575062.02040002	374899003574701.44	238310231.29	234311816.217	376081528848571.2	230380487.32410002	369771560344553.8	5.935008143606031e+20"
"1.0	15374.33	15530.58	15320.87	27335788162.0	236370022.94889998	238772262.01139998	235548111.2671	420269428012681.44	241198915.13639998	237941997.2046	424540644912993.94	234729057.55690002	418808056777540.94	7.472453144377393e+20"
"1.0	15561.74	15572.55	14761.58	34628883594.0	242167751.8276	242335974.237	229715869.9492	538885682980093.56	242504313.50249997	229875442.62899998	539260021211744.7	217904244.0964	511177035483518.5	1.1991595789668023e+21"
"1.0	14965.79	15146.74	14877.58	29524045764.0	223974870.32410002	226682930.0246	222654737.9882	441850668854413.56	229423732.62759998	225346836.0892	447193044935409.4	221342386.6564	439246352777571.1	8.716692782747664e+20"
"1.0	15093.55	15183.39	14678.81	30497699492.0	227815251.6025	229171256.13449997	221555352.67549998	460318552167476.56	230535331.89209998	222874096.96589997	463058465489837.9	215467463.0161	447669936280164.5	9.301096743043371e+20"
"1.0	14861.85	15123.31	14854.66	25944861249.0	220874585.4225	224760364.72349998	220767728.72100002	385588636153450.7	228714505.3561	224651628.1246	392372179575614.2	220660923.71559998	385402092601070.3	6.731358252298619e+20"
"1.0	15117.34	15175.74	15019.41	22903947365.0	228533968.6756	229416821.3316	227053527.5694	346246759658809.1	230303084.5476	227930661.11339998	347584350184925.1	225582676.74809998	344003776093354.6	5.2459080489869043e+20"
"1.0	15074.98	15334.11	15053.58	25847235358.0	227255022.00039998	231161401.56780002	226932417.42839998	389646556077142.8	235134929.49210003	230833251.61380002	396344350175461.4	226610270.8164	389093425240481.6	6.680795756518454e+20"
"1.0	15321.59	15371.04	15159.95	29057953268.0	234751120.1281	235508772.7536	232274538.32050002	445214046211456.1	236268870.68160003	233024197.84800002	446650962000558.75	229824084.00250003	440517118645216.6	8.443646481252719e+20"
"1.0	15228.31	15762.75	15123.82	35653050576.0	231901425.4561	240040043.4525	230310219.3442	542935706617006.56	248464287.5625	238392993.70499998	561990122966844.0	228729931.3924	539210319362320.3	1.271140015374814e+21"
"1.0	15619.12	15619.12	14752.29	36578664374.0	243956909.57440004	243956909.57440004	230417787.78480002	571326548297230.9	243956909.57440004	230417787.78480002	571326548297230.9	217630060.24410003	539619064657916.5	1.3379986873857367e+21"
"1.0	14882.25	14935.11	13377.9	41953060228.0	221481365.0625	222268040.7975	199093252.275	624355930578153.0	223057510.71210003	199800408.069	626573569341805.1	178968208.41	561243844424161.2	1.7600592624941953e+21"
"1.0	13442.9	13964.4	13392.88	39143599633.0	180711560.41	187722032.76	180039146.552	526203495506455.7	195004467.35999998	187023533.47199997	546616882715065.2	179369234.69439998	524245532652813.0	1.5322213922285976e+21"
"1.0	13732.57	13822.76	12993.39	58674733823.0	188583478.8049	189822019.2932	178432637.7123	805754889455715.1	191068694.0176	179604511.5564	811046763699211.5	168828183.6921	762383699708429.9	3.4427243891999003e+21"
"1.0	13281.49	13528.38	13137.36	48475568111.0	176397976.6201	179677043.6862	174483715.4664	643827773110565.4	183017065.42439997	177727198.2768	655795906121490.1	172590227.7696	636840989478727.0	2.3498807036842e+21"
"1.0	13443.69	13616.2	12985.99	44135724006.0	180732800.8161	183051971.77800003	174579623.9031	593346991462222.1	185400902.44000003	176819837.03800002	600960845210497.2	168635936.2801	573146070584675.9	1.9479621335338047e+21"
"1.0	13579.07	13804.96	13105.39	44261377878.0	184391142.06489998	187458518.18719998	177959008.1873	601028348501813.5	190576920.60159996	180919384.73439997	611026551150674.9	171751247.05209997	580062619028562.4	1.9590695716591077e+21"
"1.0	13417.26	13616.04	13257.21	31735098970.0	180022865.90760002	182689948.8504	177875433.4446	425798074006222.2	185396545.28160003	180510701.6484	432106376979478.8	175753616.98409998	420718871416073.7	1.007116506635695e+21"
"1.0	13471.38	13802.31	13465.86	71760738434.0	181478079.10439998	185936162.88779998	181403717.0868	966716176525018.9	190503761.33609998	185859974.1366	990463957694982.5	181329385.5396	966320057248863.2	5.149603580592965e+21"
"1.0	13676.49	13750.36	13363.43	59563778219.0	187046378.7201	188056661.0364	182764816.7607	814623417174371.2	189072400.12960002	183751973.3348	819023393471408.9	178581261.3649	795976380765131.1	3.547843675722219e+21"
"1.0	13717.6	13940.26	13562.79	48427414393.0	188172549.76000002	191226910.576	186048928.104	664307899677416.9	194330848.8676	189068818.92540002	675090747766162.2	183949272.58410004	656810851655236.5	2.3452144647913435e+21"
"1.0	13773.65	13938.13	13472.8	48127166566.0	189713434.3225	191978924.27449998	185569631.72	662886747771785.9	194271467.89689997	187785637.864	670802704128561.5	181516339.83999997	648407689710404.8	2.3162241616715081e+21"
"1.0	13616.42	14225.97	13538.2	46716475850.0	185406893.6164	193706782.4274	184341817.24400002	636111156093457.0	202378222.44089997	192594027.054	664587183947824.5	183282859.24	632456993352470.0	2.1824291158436332e+21"
"1.0	14069.86	14386.76	14024.7	42891280378.0	197960960.4196	202419699.0536	197325565.54200003	603474310139207.1	206978863.2976	201769992.972	617066556890995.2	196692210.09000003	601537339917336.6	1.8396619324642078e+21"
"1.0	14246.01	14595.86	14125.77	40559826885.0	202948800.9201	207932767.51860002	201235860.6777	577815699401978.9	213039129.1396	206177761.3122	592005554837696.1	199537378.0929	572938785817326.5	1.645099556941169e+21"
"1.0	14464.52	14573.9	14248.91	50170584633.0	209222338.83040002	210804468.028	206103643.6732	725693424835721.1	212398561.20999998	207662189.449	731181083382878.6	203031436.1881	714876145083000.0	2.5170875624170156e+21"
"1.0	14401.92	14523.76	14286.54	34784879245.0	207415299.6864	209170029.6192	205753606.1568	500969048096150.4	210939604.5376	207494278.1904	505207237783361.2	204105225.1716	496955568728862.3	1.2099878240892318e+21"
"1.0	14438.18	14702.96	14406.53	30060928139.0	208461041.71240002	212283983.01279998	208004073.3154	434025091437947.0	216177032.7616	211818634.3288	441984623990591.44	207548106.64090002	433073663062347.7	9.03659400578122e+20"
"1.0	14652.48	14652.48	14280.9	32599715870.0	214695170.15039998	214695170.15039998	209250601.632	477666684790857.56	214695170.15039998	209250601.632	477666684790857.56	203944104.81	465553282367883.0	1.0627414748047299e+21"
"1.0	14432.48	14476.2	13812.39	38422277179.0	208296478.9504	208927466.976	199347042.4272	554528746940373.9	209560366.44000003	199950920.118	556208568898639.8	190782117.51209998	530703477084447.8	1.4762713836199042e+21"
"1.0	13913.19	14061.35	13834.7	31410836114.0	193576855.97610003	195638234.20650002	192484809.69300002	437024930912943.7	197721563.82250002	194534558.84500003	441678760391593.94	191398924.09000003	434559494386355.8	9.866406253805666e+20"
"1.0	14014.74	14171.45	13634.58	30773811952.0	196412937.2676	198609187.173	191085093.7092	431286973316172.5	200829995.10250002	193221768.741	436109537387170.44	185901771.7764	419588000964500.2	9.470275020570581e+20"
"1.0	13692.18	14376.91	13669.68	30730391058.0	187475793.15240002	196851239.5638	187167719.1024	420766045836526.44	206695541.1481	196527759.0888	441808066505670.75	186860151.30240002	420074612037721.44	9.443569345776064e+20"
"1.0	14348.8	14405.0	14177.76	28419767935.0	205888061.43999997	206694464.0	203433842.688	407789566145728.0	207504025.0	204230632.8	409386757103675.0	201008878.6176	402928649038125.6	8.076832094792542e+20"
"1.0	14324.95	14429.88	14300.8	24238356562.0	205204192.50250003	206707309.506	204858244.96	347213245832821.94	208221436.8144	206358827.90399998	349756576586872.56	204512880.64	346627889521849.56	5.8749792882664846e+20"
"1.0	14395.66	14465.0	14249.09	24109306275.0	207235026.8356	208233221.9	205125054.9494	347069375970766.5	209236225.0	206113086.85	348741115267875.0	203036565.8281	343535674950039.75	5.812586490617544e+20"
"1.0	14414.08	14639.85	14314.6	30351090986.0	207765702.2464	211019969.088	206331789.56800002	437483053559482.9	214325208.0225	209563596.81	444335419371392.1	204907773.16	434463727028195.6	9.211887240404504e+20"
"1.0	14310.29	14534.94	14291.84	27384922255.0	204784399.88410002	207999206.53260002	204520375.0336	391886179096504.0	211264480.8036	207731036.8896	398038201881089.7	204256690.58560002	391380927280899.2	7.499339669123942e+20"
"1.0	14516.26	14527.74	14326.82	27630018914.0	210721804.3876	210888451.0524	207971844.0932	401084538360541.6	211055229.50759998	208136315.9868	401401730977674.4	205257771.31239998	395850307577473.5	7.634179451879977e+20"
"1.0	14354.31	14506.5	13948.08	36111385160.0	206046215.5761	208230798.015	200215064.2248	518354017116039.56	210438542.25	202337822.52	523849808823540.0	194548935.6864	503684489122492.8	1.3040321381738681e+21"
"1.0	14116.5	14179.2	13905.61	30784310446.0	199275572.25	200160676.8	196298543.565	434566718410959.0	201049712.64000002	197170425.312	436496894675923.25	193365989.47210002	428074615181002.06	9.476737696357047e+20"
"1.0	14087.58	14127.89	14013.27	22752982416.0	198459910.2564	199027780.60619998	197413062.1866	320534460023993.25	199597275.85209998	197977937.10029998	321451632745182.25	196371736.0929	318843685900660.3	5.176982088228052e+20"
"1.0	14066.43	14229.31	14017.74	23325302594.0	197864452.9449	200155593.06329998	197179558.4682	328103736167319.44	202473263.0761	199462767.9594	331902961453830.1	196497034.7076	326968027184017.56	5.440697411016631e+20"
"1.0	14207.82	14325.21	14142.47	25703155311.0	201862149.1524	203530005.1422	200933668.1154	365185804090732.0	205211641.5441	202593852.66869998	368203097492690.3	200009457.7009	363506102891158.1	6.606521929413875e+20"
"1.0	14319.61	14323.92	14061.25	29659485440.0	205051230.5521	205112948.0712	201351616.1125	424712264301478.44	205174684.16640002	201412220.1	424840096683724.8	197718751.5625	417049439643200.0	8.796850765655719e+20"
"1.0	14146.8	14175.77	14108.81	23382370374.0	200131950.23999998	200541783.03599998	199594513.30799997	330785717206903.2	200952455.0929	200003245.5337	331463104476638.0	199058519.61609998	329897420956394.94	5.467352443069129e+20"
"1.0	14158.03	14447.59	13990.62	28973198699.0	200449813.48090002	204549412.6477	198079617.6786	410203416376403.0	208732856.80810001	202130741.6058	418592895791685.44	195737447.98440003	405353013182203.4	8.394462428517353e+20"
"1.0	14507.0	15009.49	14504.66	30011675481.0	210453049.0	217742671.43	210419102.62	435379376202867.0	225284790.0601	217707549.2234	450459943015314.7	210385161.71559998	435309148882241.44	9.007006651768566e+20"
"1.0	14818.37	14992.49	14808.59	26222701212.0	219584089.45690003	222164264.0413	219439165.79830003	388577688958864.44	224774756.4001	222017637.4891	393143585693897.9	219294337.7881	388321230941011.06	6.876300588538263e+20"
"1.0	15019.24	15151.41	14873.19	31700537580.0	225577570.1776	227562663.1284	223384010.1756	476117982043039.2	229565224.9881	225349799.6979	480307842094987.8	221211780.7761	471488118529480.2	1.0049240828609922e+21"
"1.0	15028.13	15293.71	14920.25	32392813814.0	225844691.29689997	229835862.06229997	224223456.6325	486803417062587.8	233897565.56409997	228185976.6275	495406300555309.94	222613860.0625	483308880308333.5	1.0492943867884692e+21"
"1.0	15216.46	15263.46	14834.52	33819608008.0	231540654.93159997	232255828.55159998	225728880.1992	514614712469411.6	232973211.17159998	226426102.6392	516204234045787.6	220062983.6304	501697651386836.2	1.1437658858147777e+21"
"1.0	14936.71	15021.33	14888.19	25237820007.0	223105305.62409997	224369250.02429998	222380576.4549	376969998476756.94	225640354.9689	223640415.0927	379105622805749.3	221658201.47610003	375745459450017.3	6.369475587057295e+20"
"1.0	14981.38	15137.27	14970.29	24100918697.0	224441746.70439997	226777194.0326	224275603.2002	361065021348861.8	229136943.05290002	226609321.70830002	364822113564537.2	224109582.68410003	360797742160512.1	5.808542820394042e+20"
"1.0	15152.67	15518.49	15045.16	31472474839.0	229603408.1289	235146557.8683	227974344.5772	476892025318670.1	240823531.88009998	233478165.0084	488405286064273.1	226356839.4256	473508419548729.25	9.90516672491488e+20"
"1.0	15493.0	15738.49	15410.27	40561557929.0	240033049.0	243836425.57	238751313.11	628420216993997.0	247700067.4801	242534380.29230002	638377673849987.2	237476421.4729	625064559306530.9	1.6452399816276228e+21"
"1.0	15629.96	17335.79	15610.86	57111837386.0	244295649.60159996	270957704.2684	243997117.3656	892655733869684.5	300529614.92410004	270626590.6794	990078819437845.0	243698949.93960002	891564897775612.0	3.261761969604907e+21"
"1.0	16840.49	17286.57	16747.37	45622748696.0	283602103.4401001	291114309.21930003	282033917.0113	768309443187501.1	298825502.3649	289504583.82089996	788660838925812.8	280474401.9169	764061052828929.5	2.0814351985783698e+21"
"1.0	17040.07	17085.77	16768.58	38031827814.0	290363985.6049	291142716.8039	285737777.00060004	648065008178507.0	291923536.4929	286504101.10660005	649803062709606.8	281185275.2164001	637739747245284.1	1.446419926873744e+21"
"1.0	16973.66	17253.89	16913.51	32213632970.0	288105133.7956	292861662.5374	287084168.14659995	546783253397570.2	297696720.1321	291823841.05389994	555810479764753.25	286066820.52009994	544845603374424.6	1.037718149125871e+21"
"1.0	17205.32	17495.55	16953.81	32090829345.0	296023036.3024	301016536.326	291695726.2692	552132987946115.4	306094269.80249995	296616230.54550004	561446709346914.75	287431673.51610005	544061823457554.5	1.0298213280499131e+21"
"1.0	17133.75	17462.48	16947.87	38907420539.0	293565389.0625	299197766.7	290380567.6125	666630016660091.2	304938207.7504	295951840.9176	679420053013876.8	287230297.5369	659397905330301.9	1.513787372998599e+21"
"1.0	17267.44	18160.7	17247.69	44522265515.0	298164484.1536	313588797.608	297823452.2136	768785548444331.5	329811024.49	313230123.783	808555507338260.5	297482810.3361	767906233700410.2	1.9822321265881582e+21"
"1.0	18012.41	18250.98	17215.99	47744602210.0	324446914.0081	328744134.66179997	310101470.43590003	859995350293426.1	333098270.9604	314208689.17020005	871385780042665.8	296390311.6801001	821970594201338.0	2.279547040191137e+21"
"1.0	17666.02	18179.57	17343.2	75232643184.0	312088262.6404	321160647.21140003	306385318.064	1329061379141407.8	330496765.3849	315291918.424	1367697103048550.8	300786586.24	1304774777268748.8	5.659950600451061e+21"
"1.0	17893.38	18191.9	17525.66	40737596436.0	320173047.8244	325514579.62200004	313593294.1308	728933293315993.8	330945225.6100001	318825054.15400004	741094280604068.5	307148758.4356	713953264354547.8	1.6595517633824e+21"
"1.0	18045.34	18686.98	17926.78	40371241652.0	325634295.7156	337212907.6732	323494840.20519996	728512781832501.6	349203221.5204	334997379.32439995	754416585326091.0	321369441.16839993	723726367422240.5	1.6298371525241796e+21"
"1.0	18357.66	18465.62	18154.36	32691898003.0	337003680.6756	338985573.64919996	333271568.3976	600146748293753.0	340979121.9844	335231513.1032	603676165602156.9	329580787.00960004	593500485429743.1	1.0687601950385554e+21"
"1.0	18364.78	18440.32	17608.57	40683002817.0	337265144.44839996	338652419.9296	323377514.16459996	747134396473585.2	340045401.70239997	324707665.5424	750207590506381.4	310061737.4449	716369502913341.6	1.65510671820803e+21"
"1.0	17915.08	18325.23	17616.9	39139702792.0	320950091.4064001	328297961.4684	315608172.85200006	701190906694903.4	335814054.55289996	322833744.387	717244055795042.1	310355165.6100001	689520230116384.9	1.5319163346460926e+21"
"1.0	18279.84	18650.61	18033.03	46096830889.0	334152550.4256	340930166.7024	329640903.1152	842642693157977.8	347845253.3721	336327009.6483	859734015146692.4	325190170.98089993	831265534326263.6	2.1249178180090646e+21"
"1.0	18553.18	20521.99	18506.03	53454572436.0	344220488.1124	380748174.4282	343345705.67539996	991752304228146.5	421152073.5601001	379780562.59970003	1096994200985867.8	342473146.3609	989231921137789.0	2.857391314315571e+21"
"1.0	20383.82	20805.15	19847.3	52036229021.0	415500117.7924	424088432.67300004	404563790.686	1060697125842840.2	432854266.52250004	412926053.595	1082621550216258.2	393915317.28999996	1032778648248493.2	2.7077691307259624e+21"
"1.0	20332.17	20555.81	18839.6	45749629555.0	413397136.9088999	417944223.4077	383049949.9319999	930189245549284.2	422541324.75610006	387263238.076	940420692702964.6	354930528.15999997	861904720964377.9	2.0930286044197295e+21"
"1.0	19375.87	20368.47	19258.77	34683510584.0	375424338.25689995	394656826.8189	373155423.8799	672023192219208.0	414874570.1409001	392271678.98190004	706450044824886.5	370900221.91290003	667961753129821.8	1.20294590643044e+21"
"1.0	20159.4	20531.96	19289.88	44424413694.0	406401408.3600001	413911994.424	388872406.87200004	895569525422823.6	421561381.44159997	396059044.5648	912120284988660.2	372099470.41440004	856941609227616.8	1.9735285320556547e+21"
"1.0	19945.78	20108.08	19684.67	33328108516.0	397834139.8084	401071339.9024	392626097.19259995	664755120276262.5	404334881.2864001	395820919.1336	670164272288409.4	387486233.0088999	656052817861649.6	1.1107628172542717e+21"
"1.0	19926.42	20786.22	19922.34	38879893288.0	397062214.0163999	414194949.9324	396980914.22279996	774737083211868.9	432066941.8884001	414110142.1548	808166015460891.4	396899631.0756	774578453247253.9	1.5116461020862674e+21"
"1.0	20504.4	21424.14	20296.02	44901307464.0	420430419.3600001	439289136.216	416157712.48800004	920674368764841.6	458993774.7396	434824773.9228	961971897291780.9	411928427.84040004	911317834315493.2	2.0161274119766622e+21"
"1.0	21384.56	21663.5	21059.31	41486025288.0	457299406.39360005	463264415.56	450344078.25360006	887160396932753.4	469307232.25	456218362.185	898732508826588.0	443494537.6761001	873667067207831.4	1.7210902941965754e+21"
"1.0	21423.16	21423.16	20676.64	36079912785.0	458951784.3856	458951784.3856	442958966.9824	772945744379100.6	458951784.3856	442958966.9824	772945744379100.6	427523441.6896	746011367886842.4	1.3017601065732064e+21"
"1.0	21095.38	21167.55	20750.26	31040142543.0	445015057.34440005	446537510.919	437734619.7988	654803602198751.4	448065173.0025	439232166.06299996	657043769286079.6	430573290.06759995	644091028204311.1	9.634904490897585e+20"
"1.0	20937.95	22017.81	20839.93	41225976443.0	438397750.20250005	461007804.8895	436345412.3435	863187433464711.9	484783957.19610006	458849619.15330005	907705716386449.9	434302682.4049	859146463253769.0	1.6995811336787908e+21"
"1.0	21819.04	23290.49	21651.43	51122376522.0	476070506.52160007	508176132.92960006	472413417.22720003	1115441178228578.9	542446924.4401001	504272413.90070003	1190665199161875.8	468784421.0449	1106872556699726.5	2.613497381257137e+21"
"1.0	23125.79	24084.8	22687.29	64220671760.0	534802163.1241	556980026.992	524661504.20910007	1485153768780690.5	580077591.04	546418842.192	1546742035205248.0	514713127.54410005	1456993004213930.5	4.1242946813056616e+21"
"1.0	23303.38	23724.65	22793.99	48408444478.0	543047519.4244001	552864534.317	531177010.6862001	1128080376879735.8	562859017.6225001	540779434.8535001	1148473402284982.8	519565980.1201001	1103421599347087.2	2.3433774967796088e+21"
"1.0	23320.16	24518.12	23236.15	48433475099.0	543829862.4256	571766481.2991999	541870735.784	1129476388664695.8	601138208.3343999	569706714.038	1187497754494293.8	539918666.8225001	1125407492421628.9	2.345801510165453e+21"
"1.0	24380.24	24793.05	24148.55	51912633122.0	594396102.4576001	604460509.332	588747444.6520001	1265642454546309.2	614695328.3025	598716207.5775	1287072508625402.0	583152467.1025	1253614816578273.0	2.694921477659371e+21"
"1.0	24407.62	24468.81	23136.53	54015035380.0	595731914.0644	597225416.3322	564707632.3585999	1318378457841595.5	598722662.8161001	566123356.6293	1321683637856497.8	535299020.44089997	1249720486520431.2	2.917624047102652e+21"
"1.0	24036.98	24416.91	23533.57	55882080993.0	577776407.5203999	586908777.3318	565675951.4186	1343236463187121.0	596185493.9481	574617060.6687	1364467742218791.5	553828916.9449	1315104864794435.0	3.1228069761082117e+21"
"1.0	24011.43	25214.11	23649.47	66902714077.0	576548770.6449	605426837.2773	567857593.4421	1606429835869900.2	635751343.0921	596300338.0217	1686892392036026.5	559297431.2809	1582213729482589.2	4.475973150868814e+21"
"1.0	24832.87	25244.71	24163.85	56834304752.0	616671432.4368999	626898601.6177	600057745.7494999	1411358901446798.2	637295382.9841	610009385.7334999	1434765541515861.8	583891646.8224999	1373335614881615.0	3.2301381966432095e+21"
"1.0	24353.44	24538.08	21272.29	79946354734.0	593090039.8335999	597586658.9952	518053438.17759997	1946968753233184.8	602117370.0864	521981153.80320007	1961730048171270.8	452510321.84410006	1700642042344521.0	6.391419635254564e+21"
"1.0	22336.54	22719.75	21455.16	50519583951.0	498921019.17160004	507480604.665	479234039.5464	1128432707704869.5	516187040.0625	487455871.41	1147792317470732.2	460323890.6256	1083905756802137.1	2.5522283625821367e+21"
"1.0	22232.35	23195.04	21969.56	42353805074.0	494277386.5224999	515680247.54399997	488434947.266	941624618236943.9	538009880.6016	509584822.98240006	982398202843633.0	482661566.59360003	930494461801547.5	1.793844804246388e+21"
"1.0	23020.55	23771.37	22812.02	40422929655.0	529945722.30249995	547230011.6535	525145247.011	930558073269410.2	565078031.6768999	542272967.8673999	960908417312977.2	520388256.4804	922128679748453.1	1.6340132418930784e+21"
"1.0	23601.92	25539.69	23601.92	62009987218.0	557050627.6863999	602785720.2047999	557050627.6863999	1463554757520258.5	652275765.2960999	602785720.2047999	1583715850451682.2	557050627.6863999	1463554757520258.5	3.8452385147765234e+21"
"1.0	25508.67	25747.28	23775.0	64196174178.0	650692245.1688999	656778868.9175999	606468629.25	1637559022369123.2	662922427.3984	612141582.0	1652876871489735.8	565250625.0	1526264041081950.0	4.121148779092114e+21"
"1.0	24318.18	24989.98	23745.84	48296305533.0	591373878.5124	607710831.8364	577455611.3712	1174478251286490.0	624499100.4003999	593408066.6832	1206923709343559.2	563864917.3056	1146836343777732.8	2.3325331281368863e+21"
"1.0	24809.64	25198.32	24462.52	41089081929.0	615518236.9296	625161247.8048	606906314.6928	1019405330588995.5	634955330.8224	616414406.9664	1035375834953159.2	598414884.7504001	1005142488469801.1	1.6883126537680745e+21"
"1.0	25025.06	25098.61	23907.17	43302799617.0	626253628.0036001	628094221.1666	598278363.6802	1083655158583402.1	629940223.9321	600036736.0337	1086840079495232.4	571552777.4088999	1035247391919553.9	1.8751324546700552e+21"
"1.0	23904.2	24494.91	23765.89	34827026978.0	571410777.64	585531227.622	568104587.738	832512218287507.6	600000615.9081	582143336.6199	853084891393682.0	564817527.4921	827695292186180.4	1.2129218081263397e+21"
"1.0	24486.9	24784.59	24159.26	32330175298.0	599608271.61	606897776.871	591585383.694	791665769504596.2	614275901.4681	598777353.8033999	801290139389057.9	583669843.7476	781073110869959.4	1.0452402347994094e+21"
"1.0	24724.14	24811.23	24245.91	34437289562.0	611283098.7396	613436324.0921999	599459273.2674	851432368351426.6	615597134.1129	601570849.5692999	854431511899381.2	587864151.7281	834963423364191.4	1.185926912377034e+21"
"1.0	24572.26	24658.36	23413.57	40617946500.0	603795961.5076	605911633.0935999	575324329.5682	998074742064089.9	608034717.8896	577340237.9452	1001571947257740.0	548195260.1449	951011133634005.0	1.6498175778768623e+21"
"1.0	23480.69	23894.65	22947.4	44153972690.0	551342802.8761	561062869.3085	538820785.706	1036765745002356.0	570954298.6225001	548320091.4100001	1055043723537108.6	526583166.76000005	1013218872906506.1	1.9495733043092657e+21"
"1.0	23799.91	23799.91	22837.88	32551057406.0	566435716.0081	566435716.0081	543539488.5908	774712236667633.5	566435716.0081	543539488.5908	774712236667633.5	521568762.89440006	743397142911339.4	1.0595713382487075e+21"
"1.0	23271.11	23275.36	22506.59	35650952530.0	541544560.6321	541643462.8496001	523753331.6149	829637237930408.4	541742383.1296	523848984.62240005	829788754478660.9	506546593.4281	802381371702172.8	1.2709904162963134e+21"
"1.0	23049.96	24162.92	23047.32	27781091045.0	531300656.00159997	556954339.4832	531239804.10719997	640353037343608.1	583846702.9264	556890549.3743999	671272280433051.4	531178959.1824	640279695263249.4	7.717890196505792e+20"
"1.0	24018.87	24752.94	23926.37	32453114181.0	576906116.0769	594537647.9777999	574684370.6019	779487130608595.4	612708038.6436	592248001.0278	803309988135442.1	572471181.3769	776485217546852.9	1.0532046200450233e+21"
"1.0	24412.06	24629.35	24264.84	28679630291.0	595948673.4436	601253169.961	592354729.9704	700128855441709.5	606604881.4224999	597627237.054	706360652307640.8	588782460.2256	695906640270268.5	8.225211936284448e+20"
"1.0	24561.48	24780.16	24357.65	33960686567.0	603266299.7904	608637404.2368	598259933.322	834124723901639.1	614056329.6256	603586464.224	841551246840110.8	593295113.5225	827202517158687.6	1.1533282321020142e+21"
"1.0	24660.71	27343.26	24516.1	56611097927.0	608150617.7041	674304205.3146	604584432.431	1396069868759348.0	747653867.4275999	670350096.486	1547931969503422.0	601039159.2099999	1387883337888124.5	3.2048164085003835e+21"
"1.0	27163.16	30071.22	27062.55	90882168158.0	737837261.1856	816829360.2552	735104375.658	2468646874822659.5	904278272.2884	813803894.811	2732937672756213.0	732381612.5024999	2459503219884283.0	8.25956848909899e+21"
"1.0	29038.55	29604.58	28589.08	51649859211.0	843237386.1025	859674076.559	830185429.034	1499837019191584.0	876431156.9764001	846367705.9864001	1529072389000786.5	817335495.2464001	1476621956972016.0	2.667707956516122e+21"
"1.0	29583.35	30802.08	29191.52	49219606506.0	875174597.2225	911228713.368	863582953.1919999	1456080846129275.0	948768132.3264002	899159534.3616	1516066257166332.5	852144839.9104	1436795127712029.2	2.4225696646054774e+21"
"1.0	30515.5	30972.39	29602.33	48480802951.0	931195740.25	945137967.045	903329901.115	1479415942451240.5	959288942.3120999	916854909.6687	1501566336511522.8	876297941.4289001	1435144727620476.0	2.3503882547736902e+21"
"1.0	30072.23	30908.42	28541.4	58932888435.0	904339017.1729	929485115.1766	858303545.322	1772243375581660.0	955330426.8963999	882169578.5879999	1821522467562122.5	814611513.96	1682027141978709.0	3.473085339292157e+21"
"1.0	29296.38	30671.73	28883.4	56949381724.0	858277881.1044	898570657.3374	846179062.0920001	1668410727751359.2	940755021.1929	885903846.2820001	1746736059905462.5	834250795.5600001	1644891772086981.8	3.243232078745865e+21"
"1.0	30661.51	30946.14	29302.54	65692590665.0	940128195.4800999	948855381.0713999	898460123.2354	2014234025600804.0	957663580.8995999	906800505.1956	2032932107681783.0	858638850.4516001	1924959765664789.2	4.3155164682792453e+21"
"1.0	29849.93	30595.91	29249.96	52838689354.0	891018321.0049	913285771.7863001	873109258.5028	1577231178508645.2	936109708.7281	894929143.6636	1616647783992942.2	855560160.0015999	1545529550056925.8	2.791927092648513e+21"
"1.0	30526.47	31813.02	30170.3	54160956231.0	931865370.6609001	971139200.6394	920992757.841	1653342805556934.8	1012068241.5204	959808357.306	1723023583795927.8	910247002.0899999	1634052297776139.2	2.9334091798562975e+21"
"1.0	31770.42	34398.18	31571.74	62225866761.0	1009359586.9763999	1092844625.8356	1003047439.9308	1976941921861009.5	1183234787.3124	1086010395.4332001	2140456565500895.0	996774766.6276001	1964578886652934.2	3.872058494157725e+21"
"1.0	34039.37	36420.47	33309.85	85368828343.0	1158678709.9969	1239729853.9039001	1133846308.7945	2905901134433864.0	1326450635.0209	1213160392.6295	3109172851601381.5	1109546107.0224998	2843622866781078.5	7.2878368526566e+21"
"1.0	33747.99	35146.53	33659.1	63005439053.0	1138926829.0400999	1186124742.9747	1135926970.2089999	2126306927106253.2	1235278571.0409	1183000567.9229999	2214422553839436.0	1132935012.81	2120706373628832.2	3.9696853502612975e+21"
"1.0	34782.2	35090.63	33332.53	58042939241.0	1209801436.84	1220529310.7859998	1159378724.9659998	2018861121268310.0	1231352313.7968998	1169659477.1938999	2036763305018411.8	1111057556.2008998	1934718013538809.8	3.3689827957344174e+21"
"1.0	35082.89	36903.2	35082.89	65401490499.0	1230809170.7521	1294670906.248	1230809170.7521	2294473297012462.0	1361846170.2399998	1294670906.248	2413524284182696.5	1230809170.7521	2294473297012462.0	4.277354959490787e+21"
"1.0	36778.63	37299.79	35876.46	59519070252.0	1352667624.6769	1371835175.4877	1319487048.0498	2189029862742314.5	1391274334.0441	1338184423.9434	2220048821394847.2	1287120382.1316	2135333543133067.8	3.542519723662511e+21"
"1.0	36909.38	37681.75	36666.96	51849388517.0	1362302331.9843998	1390810029.8149998	1353354760.0847998	1913728783541589.2	1419914283.0625	1381675219.98	1953775695750464.8	1344465955.6416	1901159454777298.2	2.6883590895868114e+21"
"1.0	37396.02	42206.63	37033.22	86393019962.0	1398462311.8403997	1578359979.6125998	1384895035.7844	3230755102359351.0	1781399615.9569	1563047414.2486	3646358228118748.0	1371459383.5684001	3199411714717137.5	7.463753898154531e+21"
"1.0	40900.89	44056.87	40802.76	100000000000.0	1672882802.7921	1801965193.6143	1668869198.4564002	4090089000000000.0	1941007794.1969001	1797641892.9612002	4405687000000000.5	1664865223.6176002	4080276000000000.0	1e+22"
"1.0	41747.99	42467.91	36399.63	104000000000.0	1742894669.0400999	1772949882.0009	1519611389.2436998	4341790960000000.0	1803523379.7681003	1545816210.8733	4416662640000000.5	1324933064.1368997	3785561519999999.5	1.0816e+22"
"1.0	40871.61	43642.41	38539.42	85625353050.0	1670488503.9921	1783735560.9801002	1575168143.8662	3499646035971910.5	1904659950.6081004	1681953168.8022	3736896764202851.0	1485286893.9364	3299951443842231.0	7.331701084937145e+21"
"1.0	43116.85	46711.31	42464.96	95360542812.0	1859062753.9225	2014044546.5735	1830955310.576	4111646220343582.0	2181946481.9160995	1983593910.6976	4454415877059603.5	1803272827.8016	4049481636089867.5	9.093633125399285e+21"
"1.0	46653.27	51054.82	46275.97	108000000000.0	2176527601.6928997	2381874302.2613997	2158925322.9219	5038553160000000.0	2606594645.2324	2362611318.6754003	5513920560000000.0	2141465399.4409	4997804760000000.0	1.1664e+22"
"1.0	49959.51	53271.73	46712.9	112000000000.0	2495952639.4401	2661429527.6523004	2333753594.6790004	5595465120000000.0	2837877217.1929	2488476996.3170004	5966433760000000.0	2182095026.4100003	5231844800000000.0	1.2544e+22"
"1.0	51757.64	52579.0	49463.22	78652324066.0	2678853298.3696	2721364953.56	2560099534.0008	4070858674171364.0	2764551241.0	2600726644.38	4135460547066214.0	2446610132.7684	3890397208787852.5	6.186188080983083e+21"
"1.0	51078.98	52558.5	45680.5	102000000000.0	2609062197.8404	2684634570.3300004	2333313345.8900003	5210055960000000.0	2762395922.25	2400898559.25	5360967000000000.0	2086708080.25	4659411000000000.0	1.0404e+22"
"1.0	48805.13	48805.13	39024.97	158000000000.0	2381940714.3169	2381940714.3169	1904618734.0960999	7711210540000000.0	2381940714.3169	1904618734.0960999	7711210540000000.0	1522948283.5009	6165945260000000.0	2.4964e+22"
"1.0	45368.35	46613.72	41735.21	95019563596.0	2058287181.7224998	2114787563.762	1893457614.6035	4310880818070586.5	2172838892.2384	1945433393.0812001	4429215331986137.0	1741827753.7440999	3965661440787415.0	9.028717465974288e+21"
"1.0	43098.28	47769.21	41439.48	88076935594.0	1857461738.9584	2058770787.9587998	1785970312.0944002	3795964431772178.0	2281897424.0241	1979531222.4108002	4207365632546260.5	1717230502.6704004	3649862411008851.5	7.757546583629624e+21"
"1.0	47394.41	50571.69	46788.23	80460231874.0	2246230099.2481003	2396815410.2529	2217500555.7943	3813365218131424.5	2557495829.4561005	2366159863.2087	4069009903660047.0	2189138466.5329003	3764591834774043.5	6.473848913217845e+21"
"1.0	49524.62	50045.82	44171.78	86308842375.0	2452687986.1444	2478500218.0884	2187590619.2236	4274412621261772.5	2504584099.4724	2210612950.9596	4319396789907622.5	1951146148.3683999	3812415197443177.5	7.449216272112596e+21"
"1.0	46900.8	48228.95	45387.49	73502044976.0	2199685040.6400003	2261976338.16	2128709590.992	3447304711010381.0	2326031618.1024995	2188990985.8355	3544926452045255.0	2060024248.5001	3336073331327750.0	5.402550615653927e+21"
"1.0	46062.69	46767.02	43282.69	66871649765.0	2121771410.0361001	2154214744.4838	1993717131.8361	3080288072913768.0	2187154159.6804	2024202428.8838	3127387781992750.0	1873391253.6361003	2894384886567068.0	4.4718175422928247e+21"
"1.0	45712.23	47679.49	44586.64	63124697454.0	2089607971.5729003	2179535813.1627	2038154742.6072001	2885570688697662.5	2273333766.6601	2125868256.0135999	3009753381011018.5	1987968466.4896	2814518160490414.5	3.984727428659034e+21"
"1.0	46716.83	48073.71	45888.95	72827553846.0	2182462205.2489	2245851337.5393	2143786276.0284998	3402272452339428.5	2311081593.1640997	2206052074.5045	3501090703601988.5	2105795732.1024997	3341979977061401.5	5.30385259919203e+21"
"1.0	45863.89	46274.69	42417.21	84403577912.0	2103496405.9321	2122337291.9441001	1945418253.5469	3871076412962397.5	2141346934.5961003	1962843243.4149	3905749402768647.5	1799219704.1841	3580164289044665.5	7.123963964347055e+21"
"1.0	44894.38	44877.08	38235.89	95682504823.0	2015505355.5843997	2014728682.8104	1716576575.2982	4295606730875594.5	2013952309.3264	1715915094.4012	4293951423542157.0	1461983284.0921	3658505729336697.5	9.155141729203418e+21"
"1.0	38981.86	43016.28	36645.45	98313810634.0	1519585409.0596	1676854604.6808	1428507801.537	3832455202201099.5	1850400345.0384	1576350937.9259999	4229094406099121.5	1342889005.7024999	3602753831897715.0	9.665605361378011e+21"
"1.0	42003.24	42481.04	40102.6	61573714469.0	1764272170.4975998	1784341318.5695999	1684439132.4239998	2586295506532879.5	1804638759.4816	1703600154.704	2615715427306168.0	1608218526.76	2469266041864519.5	3.7913223135099397e+21"
"1.0	40829.98	41950.08	39630.7	61908127615.0	1667087266.8004003	1712820927.3984003	1618120688.386	2527707612357898.0	1759809212.0064	1662511035.4559999	2597050906099459.5	1570592382.4899998	2453462433071780.5	3.8326162647951254e+21"
"1.0	41089.55	44272.92	40894.73	76298845055.0	1688351119.2025003	1819154359.986	1680346053.0715003	3135085208829675.5	1960091445.3263998	1810529109.7116	3377972663212410.5	1672378941.7729003	3120220667836060.5	5.821513756726898e+21"
"1.0	41219.47	41623.23	39430.96	76482809027.0	1699044707.0809002	1715687480.2881002	1625323272.7912	3152580852204156.0	1732493275.6329002	1641243917.2008002	3183461551176897.5	1554800606.5216	3015790583431276.0	5.849620076660552e+21"
"1.0	41333.85	41333.85	37628.26	80213709506.0	1708487155.8225	1708487155.8225	1555320854.601	3315541436664578.0	1708487155.8225	1555320854.601	3315541436664578.0	1415885950.6276002	3018302316856239.5	6.434239192712955e+21"
"1.0	39020.7	40929.14	38501.85	101000000000.0	1522615028.4899998	1597083693.198	1502369138.2949998	3941090699999999.5	1675194501.1396	1575847608.909	4133843140000000.0	1482392453.4225	3888686850000000.0	1.0201e+22"
"1.0	44033.33	49034.35	41269.44	151000000000.0	1938934150.8889	2159145714.8855	1817230870.4352002	6649032830000000.0	2404367479.9224997	2023620165.264	7404186850000000.0	1703166677.9136002	6231685440000000.0	2.2801e+22"
"1.0	43818.2	44506.57	42086.03	83248000113.0	1920034651.2399998	1950197785.574	1844134079.7459998	3647777518551456.5	1980834773.1649	1873104840.2171	3705082944389242.5	1771233921.1608999	3503577830195721.5	6.930229522814048e+21"
"1.0	43796.47	43818.77	41242.9	67532936483.0	1918130784.4609	1919107445.7419	1806293432.5630002	2957704226689615.0	1920084604.3128998	1807213149.233	2959210211173185.5	1700976800.41	2785254146074721.0	4.5606975100169125e+21"
"1.0	42391.13	44329.98	41421.05	78896444828.0	1797007902.6768997	1879197945.0774	1755885115.2865	3344509449241575.5	1965147126.8004003	1836194318.0790002	3497477821296343.5	1715703383.1025002	3267973586042829.5	6.224649006497648e+21"
"1.0	43088.48	45982.51	43037.96	80674213180.0	1856617108.7104003	1981316462.4848003	1854440278.7008002	3476129221122166.5	2114391225.9001002	1978993426.0796	3709602814291482.0	1852266000.9615998	3472053559872312.5	6.508328672212086e+21"
"1.0	45409.29	47901.07	45314.42	78201777016.0	2062003618.3041	2175153578.9403	2057695638.9617999	3551087171034878.5	2294512507.1449	2170609204.4294	3745948794967807.0	2053396659.9364	3543668168449370.5	6.115517928460186e+21"
"1.0	47911.92	49334.31	46619.61	88287928121.0	2295552078.0864	2363701513.9751997	2233635024.7511997	4230044149099102.0	2433874143.1761	2299946291.8191	4355624015179131.5	2173388036.5521	4115948776709053.0	7.794758251898863e+21"
"1.0	47366.37	48924.76	46981.03	74789005140.0	2243573006.9769	2317388284.3212004	2225320849.9611	3542483689393142.0	2393632141.0576	2298535617.3028	3659034127113266.5	2207217179.8609	3513664494152494.0	5.593395289830946e+21"
"1.0	48676.21	52132.65	48676.21	91033773381.0	2369373419.9641	2537619819.2565002	2369373419.9641	4431179070185966.0	2717813196.0225	2537619819.2565002	4745831845850990.0	2369373419.9641	4431179070185966.0	8.287147895983264e+21"
"1.0	50095.21	50536.27	47761.26	83581307123.0	2509530064.9441	2531625058.2667	2392610349.5646	4187023132401181.0	2553914585.5129	2413675930.9002	4223887503720851.0	2281137956.7876	3991948540641455.0	6.98583490038925e+21"
"1.0	49621.07	58859.65	48601.0	129000000000.0	2462250587.9449	2920678812.8255	2411633623.07	6401118030000000.0	3464458398.1225	2860637849.65	7592894850000000.0	2362057201.0	6269529000000000.0	1.6641e+22"
"1.0	58835.52	61124.0	57497.18	117000000000.0	3461618413.6703997	3596262324.48	3382876483.8336	6883755840000000.0	3736143376.0	3514457630.32	7151508000000000.0	3305925707.9524	6727170060000000.0	1.3689e+22"
"1.0	59009.07	59886.61	55743.77	111000000000.0	3482070342.2648997	3533853161.5527	3289388025.9939	6550006770000000.0	3586406057.2921	3338305413.9196997	6647413710000000.0	3107367893.8128996	6187558470000000.0	1.2321e+22"
"1.0	57010.27	61538.18	56164.95	103000000000.0	3250170885.4728994	3508308257.1085997	3201978964.0364995	5872057810000000.0	3786947597.7124	3456288802.791	6338432540000000.0	3154501608.5024996	5784989850000000.0	1.0609e+22"
"1.0	60804.79	61926.87	59115.99	97205763558.0	3697222486.9441	3765450325.7073	3594535357.5921	5910576039933843.0	3834937227.9969006	3660868227.6513	6019648683107004.0	3494700273.6801	5746414946437092.0	9.4489604688938e+21"
"1.0	60301.95	61013.43	58911.24	89207541748.0	3636325173.8025	3679228805.1885	3552462648.9179997	5379388722110808.0	3722638640.3649	3594376817.9532	5442858103913676.0	3470534198.3375998	5255326901726447.0	7.957985504721162e+21"
"1.0	59828.36	62841.88	59828.36	90409225214.0	3579432660.2896	3759726619.7167997	3579432660.2896	5409035673424269.0	3949101881.9343996	3759726619.7167997	5681485681791162.0	3579432660.2896	5409035673424269.0	8.173828003795773e+21"
"1.0	61792.25	62015.52	58749.41	97385529641.0	3818282160.0625	3832078515.72	3630258230.0725	6017670993959082.0	3845924720.8703995	3643375210.8432	6039414261162028.0	3451493175.3481	5721342408946262.0	9.48394138345809e+21"
"1.0	60582.62	63618.47	59591.55	97949128144.0	3670253846.0644	3854173592.9914002	3610212228.8610005	5934014809679258.0	4047309725.1409	3791123235.9285	6231373670355220.0	3551152831.4025	5836940367249583.0	9.594031704169733e+21"
"1.0	62554.65	66718.65	62404.31	103000000000.0	3913084236.6225004	4173561799.2225	3903679770.5415	6443128950000000.0	4451378257.822499	4163531317.3814993	6872020949999999.0	3894297906.5761	6427643930000000.0	1.0609e+22"
"1.0	66218.93	66615.98	64744.52	66012729214.0	4384946690.344899	4411238916.501399	4287312837.7635994	4371292294930820.5	4437688791.360399	4313019649.4296	4397502649065239.5	4191852870.0304	4273962466850407.0	4.357680418280889e+21"
"1.0	65532.43	70822.72	64735.27	80134491885.0	4294499381.7049003	4641184940.8096	4242259549.8061	5251407980039331.0	5015857668.1984005	4584727901.3344	5675342681113627.0	4190655181.9728994	5187527968488284.0	6.421536789667131e+21"
"1.0	70532.61	72546.87	68915.23	85968905096.0	4974849073.4121	5116920088.430699	4860771040.6503	6063611255263181.0	5263048346.7969	4999584231.830099	6236774982041849.0	4749308925.952899	5924566867539012.0	7.390652643405055e+21"
"1.0	70733.3	73588.1	70233.78	65395680020.0	5003199728.89	5205129153.7300005	4967867030.874001	4625652253558666.0	5415208461.610001	5168370426.018001	4812343840879762.0	4932783853.0884	4592985803475076.0	4.2765949652782274e+21"
"1.0	72496.48	72516.46	61916.45	116000000000.0	5255739612.390399	5257188092.060801	4488724679.096	8409591680000000.0	5258636970.931601	4489961769.767	8411909360000001.0	3833646780.6024995	7182308200000000.0	1.3456e+22"
"1.0	68360.27	68360.27	57144.0	134000000000.0	4673126514.4729	4673126514.4729	3906379268.88	9160276180000000.0	4673126514.4729	3906379268.88	9160276180000000.0	3265436736.0	7657296000000000.0	1.7956e+22"
"1.0	61507.21	64520.53	59430.23	79701250480.0	3783136881.9841	3968477788.0213	3655387636.9583	4902201550535961.0	4162898791.4809	3834469937.6219	5142366922632354.0	3531952237.8529005	4736663647314011.0	6.352289328075701e+21"
"1.0	62200.23	64832.52	59404.52	68754963834.0	3868868612.0529003	4032597655.4796	3694974807.0396	4276574564116482.0	4203255649.5504	3851344730.9904	4457557567867081.5	3528896996.4303994	4084355624176129.5	4.727245051814648e+21"
"1.0	59513.77	61433.89	56119.04	447000000000.0	3541888819.6129	3656162399.6653	3339855639.1808	2.660265519e+16	3774122840.5320997	3447610930.2656	2.746094883e+16	3149346650.5216002	2.508521088e+16	1.99809e+23"
"1.0	59034.85	61460.67	57659.61	58477231516.0	3485113514.5225	3628321434.3494997	3403926427.4084997	3452194590962332.5	3777413956.8489	3543798262.5387	3594049828718475.5	3324630625.3521	3371774363092269.0	3.4195866057758637e+21"
"1.0	58837.78	59503.18	55077.28	67858612442.0	3461884355.3283997	3501035014.1404	3240624883.6384	3992650109967658.5	3540628430.1124	3277273305.7504	4037803230686565.5	3033506772.1984	3737467797879517.5	4.6047912825535574e+21"
"1.0	57339.79	62941.78	57279.02	68124800841.0	3287851517.2441	3609068447.4262	3284366978.2058	3906261774014763.5	3961667669.5684	3605243475.4556	4287896227078037.0	3280886132.1603994	3902121829867655.5	4.6409884896259143e+21"
"1.0	62715.41	63379.47	59599.26	60061230632.0	3933222651.4681005	3974869446.6327004	3737792026.5966005	3766764704190439.5	4016957217.4809003	3777369511.1922	3806648965003925.0	3552071792.5476003	3579604900356532.5	3.607351425030295e+21"
"1.0	61179.43	66355.61	60996.54	67455516449.0	3742922655.1249	4059598397.1023	3731733549.1722	4126890046705444.0	4403066978.4721	4047462619.5894003	4476051941838429.0	3720577891.9716	4114553107302086.5	4.5502466994013093e+21"
"1.0	64035.25	65472.57	60374.18	66369604078.0	4100513242.5625	4192552388.0925	3866075709.845	4249994189535749.5	4286657422.4049	3952852726.2426	4345388548869140.5	3645041610.6724	4007010423133906.0	4.404924345470474e+21"
"1.0	61530.09	62554.8	59059.33	61531736668.0	3785951975.4080997	3849002473.932	3633925890.2397	3786053295038340.0	3913103003.0400004	3694444576.2840004	3849105480919406.5	3488004460.0489	3634023141348512.5	3.786154617380096e+21"
"1.0	61877.57	62191.38	59800.15	43483998357.0	3828833669.1049	3848251469.3466	3700287967.6355	2690684152215152.5	3867767746.3043995	3719053852.707	2704329865739562.5	3576057940.0225	2600349624348353.5	1.8908581131115786e+21"
"1.0	61902.19	64908.73	61902.19	54491238686.0	3831881126.7961	4017992537.1187005	3831881126.7961	3373127010476122.5	4213143230.2129006	4017992537.1187005	3536957099235129.0	3831881126.7961	3373127010476122.5	2.969295093534623e+21"
"1.0	64643.14	66221.77	62743.53	61519046789.0	4178735549.0596	4280783149.1578	4055938793.8842	3976784354247877.5	4385322821.9329	4154987612.6481004	4073900167080397.0	3936750556.8609	3859922157777025.0	3.7845931178271714e+21"
"1.0	66171.88	69333.05	65842.58	64385893801.0	4378717702.734401	4587898264.634001	4356927302.6504	4260535638292516.0	4807071822.302501	4565066891.269	4464070394199423.0	4335245341.0564	4239333363463846.5	4.14554332055365e+21"
"1.0	69332.91	72341.11	67549.13	72315613285.0	4807052409.068101	5015619668.9301	4683377750.8683	5013851907483710.0	5233236196.0321	4886579043.734301	5231391735367646.0	4562884963.756901	4884856762818192.0	5.229547924785669e+21"
"1.0	70633.93	72790.13	68631.52	71169242207.0	4989152067.244899	5141452947.1109	4847713979.473599	5026963272202283.0	5298403025.416901	4995697262.8976	5180418392249017.0	4710285537.510401	4884453269914565.0	5.06506103631863e+21"
"1.0	72484.1	72659.03	69372.55	69477382762.0	5253944752.81	5266624396.423	5028406851.455001	5036005559859085.0	5279334640.5409	5040542191.6265	5048159238425641.0	4812550693.502501	4819823209525983.0	4.827106715457455e+21"
"1.0	71540.16	76956.79	70137.54	75691679676.0	5117994492.825601	5505501069.686399	5017650833.6064	5414994874689788.0	5922347527.104099	5397559936.896599	5824988697573200.0	4919274517.251599	5308828210942637.0	5.729230372174191e+21"
"1.0	76379.48	76849.56	73947.62	54743072229.0	5833824965.070399	5869729431.028799	5648080762.8376	4181247390453460.5	5905854872.1936	5682842060.047199	4206981013846869.0	5468250503.664399	4048119902822644.5	2.996803957069511e+21"
"1.0	73904.12	75532.45	69073.73	82877425555.0	5461818952.9744	5582159248.693999	5104833230.767599	6124983203507786.0	5705151003.0025	5217308057.5385	6259935001861760.0	4771180176.1129	5724652915881170.0	6.868667666624567e+21"
"1.0	69677.58	70708.83	66827.3	74348765639.0	4854965154.656401	4926820159.031401	4656364541.934	5180442065712674.0	4999738639.968901	4725280195.059	5257114230277892.0	4465888025.29	4968527265987145.0	5.527738952042947e+21"
"1.0	70710.37	73139.73	67991.52	74650589489.0	4999956425.5369	5171737370.000099	4807705536.0624	5278570803485301.0	5349420104.472899	4972881415.0896	5459923959566298.0	4622846791.9104	5075607048253134.0	5.572710511055197e+21"
"1.0	72959.28	74799.64	67510.17	69657744262.0	5323056538.1184	5457327878.6592	4925493395.8776	5082178867779651.0	5594986144.1296	5049736412.338799	5210374194009666.0	4557623053.4289	4702606156944144.0	4.852201335670194e+21"
"1.0	72287.3	74398.55	70790.18	61452845363.0	5225453741.29	5378070303.415	5117230978.714	4442260268608790.0	5535144242.1025	5266686746.238999	4572002588381424.0	5011249584.432399	4350257984758935.0	3.7764522032087905e+21"
"1.0	73061.57	75189.61	72912.56	63078420887.0	5337993010.864901	5493470954.287701	5327106106.3192005	4608608463125013.0	5653477451.9521	5482266950.5016	4742841865909384.0	5316241405.7536	4599209147628641.0	3.978887181597518e+21"
"1.0	73033.58	73607.2	70178.12	65054919294.0	5333903807.616401	5375797329.776	5125359341.2696	4751193652651893.0	5418019891.839999	5165614914.464	4788510455457317.0	4924968526.7344	4565431932804647.0	4.2321425243488534e+21"
"1.0	72036.5	73010.12	67985.23	70772492024.0	5189257332.25	5259393509.38	4897418020.8949995	5098202621686876.0	5330477622.414399	4963609800.527599	5167108135371283.0	4621991498.1529	4811484147924805.0	5.008745627287144e+21"
"1.0	68255.96	70318.27	67118.07	71053388158.0	4658876075.521601	4799641024.389201	4581208301.197201	4849817219976922.0	4944659095.792901	4719626568.138901	4996351332909047.0	4504835320.524901	4768966280125816.0	5.048583968731414e+21"
"1.0	68882.15	72027.77	66078.16	88776672481.0	4744750588.622499	4961427657.3055	4551605728.844	6115128070337114.0	5187999651.1729	4759462510.503201	6394385746826798.0	4366323228.9856	5866199168467115.0	7.881297576798743e+21"
"1.0	66332.56	67127.58	64011.23	85697104132.0	4400008516.1536	4452744228.0048	4246028754.6488	5684508301662138.0	4506111996.656401	4296918962.7234	5752639213389161.0	4097437566.1129003	5485577042927403.0	7.343993656610851e+21"
"1.0	65133.77	69541.94	65003.77	71452584699.0	4242407994.4128995	4529528725.3138	4233940604.3128996	4653976217690185.0	4836081418.9636	4520488273.1138	4968951357982776.0	4225490114.2128997	4644687381679315.0	5.105471860167769e+21"
"1.0	69542.26	71346.66	68413.87	59614926392.0	4836125925.907599	4961607979.8516	4757655135.146199	4145756711033325.5	5090345893.155601	4881101122.1742	4253325884215051.0	4680457608.3769	4078487824241857.0	3.5539394487235783e+21"
"1.0	70598.4	71385.88	69229.9	60015851041.0	4984134082.559999	5039728910.592	4887520172.159999	4237023058132934.0	5095943863.374401	4942037333.812	4284284340510701.5	4792779054.009999	4154891365983325.5	3.6019023761755005e+21"
"1.0	70413.12	73440.74	69597.1	72556664754.0	4958007468.134399	5171191638.5088	4900548953.952	5108941142123172.0	5393542291.747601	5111262525.854001	5328615151465678.0	4843756328.410001	5049733452550614.0	5.264469600224346e+21"
"1.0	72713.48	75013.95	72061.38	68681497760.0	5287250173.7104	5454525353.046	5239833713.4024	4994070713741805.0	5627092694.6025	5405608756.251	5152070438893752.0	5192842487.5044	4949283509052509.0	4.717148134556885e+21"
"1.0	74381.8	75561.99	72744.52	82324821486.0	5532652171.240001	5620436827.782001	5410868337.736	6123468406807355.0	5709614332.7601	5496720692.794801	6220627337876918.0	5291765190.0304	5988679623084757.0	6.777376232701767e+21"
"1.0	74039.34	74954.75	73688.16	77385550185.0	5481823867.635599	5549600219.865	5455822732.2144	5729575061234278.0	5618214547.5625	5523277610.76	5800414567729129.0	5429944924.1856	5702398803720310.0	5.988523377435154e+21"
"1.0	74160.23	75536.78	73795.59	73850284730.0	5499739713.6529	5601824978.259399	5472697927.385699	5476754101142288.0	5705805132.7684	5574281246.8001995	5578412710587369.0	5445789103.448099	5449825333318340.0	5.453864554702071e+21"
"1.0	74692.24	75588.66	72436.89	74998990688.0	5578930716.217601	5645886333.998401	5410473572.733601	5601842612225862.0	5713645520.5956	5475407449.6674	5669073207458398.0	5247103032.8721	5432693638577680.0	5.62484860421871e+21"
"1.0	72438.09	74084.04	71889.61	63764617037.0	5247276882.8481	5366506357.083599	5207546039.2449	4618987067741739.0	5488444982.721599	5325872742.8244	4723940439153789.0	5168116025.9521	4584013450589286.0	4.065926385875271e+21"
"1.0	73830.34	74959.83	72600.28	76006802351.0	5450919104.515599	5534309735.2422	5360103356.495199	5611608059887129.0	5618976113.628901	5442104646.7524	5697456983074560.0	5270800656.0784	5518115132587258.0	5.777034003623979e+21"
"1.0	74085.74	74478.25	72337.81	83044849885.0	5488696871.347601	5517776265.155001	5359200183.8294	6152439156919140.0	5547009723.0625	5387593497.6325	6185035090947501.0	5232758755.5961	6007282572459652.0	6.896447092422184e+21"
"1.0	73149.17	73900.93	70230.66	95430332736.0	5350801071.6889	5405791691.7281	5137314487.5522	6980649632462229.0	5461347454.864899	5190111088.5138	7052390339399844.0	4932345604.035601	6702135252068886.0	9.106948406103674e+21"
"1.0	70772.84	73292.41	70487.05	66652885189.0	5008794881.6656	5187112006.1444	4988568711.722	4717213979019467.0	5371777363.608101	5166165768.290501	4885150588955116.0	4968424217.7025	4698165250961303.0	4.4426071040180156e+21"
"1.0	73277.12	74058.05	72805.54	58457110099.0	5369536315.494399	5426760616.816	5334980291.2448	4283568671577634.5	5484594769.802501	5391836321.597	4329219582567247.0	5300646654.691599	4256001467597148.0	3.4172337211266077e+21"
"1.0	72989.65	76777.21	72720.18	72970474029.0	5327489007.122499	5603941685.8765	5307820486.136999	5326089359710799.0	5894739975.384101	5583252531.0978	5602469408324080.0	5288224579.232399	5306426006074205.0	5.324690080016963e+21"
"1.0	74984.93	76168.13	74287.74	58009982597.0	5622739727.104899	5711461896.2809	5570460983.7582	4349874484337263.0	5801584027.6969	5658358237.726201	4418511895746034.0	5518668314.307601	4309430504570461.0	3.365158080904243e+21"
"1.0	75427.54	76935.65	74704.84	65111759443.0	5689313790.451599	5803066817.800999	5634802307.293599	4911219839857260.0	5919094240.922499	5747465423.546	5009415535390843.0	5580813119.425599	4864163571307804.0	4.2395412177630994e+21"
"1.0	75239.11	79895.73	75245.16	87720760870.0	5660923673.5921	6011283618.000299	5661378870.207601	6600031976381626.0	6383327672.2329	6011766987.1668	7008514225864085.0	5661834103.4256	6600562686984890.0	7.694931887611723e+21"
"1.0	79623.85	81445.67	77085.69	96948328929.0	6339957488.822501	6485017811.229501	6137859417.706501	7719399200393357.0	6633397161.748899	6278295669.4623	7896021605002787.0	5942203602.7761	7473328829838926.0	9.398978482125578e+21"
"1.0	78952.8	80052.29	77726.05	76477329164.0	6233544627.84	6320352441.912	6136689280.440001	6038099274019459.0	6408369134.244099	6222148295.1545	6122185332661985.0	6041338848.602501	5944280710467522.0	5.848781876058805e+21"
"1.0	79368.23	79831.47	75262.2	105000000000.0	6299315933.332899	6336082472.1981	5973427599.905999	8333664150000000.0	6373063602.3609	6008292061.434	8382304350000000.0	5664398748.839999	7902531000000000.0	1.1025e+22"
"1.0	76964.7	78268.41	75503.0	82729666943.0	5923565046.089999	6023904695.127	5811065744.099999	6367263997367912.0	6125944003.928101	5909499760.2300005	6475119491458171.0	5700703009.0	6246338043197329.0	6.844197792499707e+21"
"1.0	75928.95	76373.72	66081.83	122000000000.0	5765205448.1025	5798976367.194	5017523965.9785	9263331900000000.0	5832945106.6384	5046915181.5076	9317593840000000.0	4366808256.1489	8061983260000000.0	1.4884e+22"
"1.0	70344.11	71803.61	68107.27	81836928952.0	4948293811.692101	5050961040.2371	4790945292.6797	5756745932261673.0	5155758409.0321	4890347853.2447	5876186930067117.0	4638600226.8529005	5573689816104681.0	6.697282940294696e+21"
"1.0	71509.3	71556.76	71132.08	84956340224.0	5113579986.490001	5116973817.868	5086605248.344	6075168419980083.0	5120369901.697599	5089981176.8608	6079200447887114.0	5059772805.1264	6043121189320786.0	7.21757974425604e+21"
