0,1,2,3,4,5,6,7,8,9,10,11,12,13,14
0,0,0,0,0.068801303,0,0,0,0.009259844,0,0,0.009091036,0,0.00987101,0.009332129
0,0.000638145,0.00401551,0.00028148,0.070934219,0.000139146,0.000508036,0.000102731,0.009677477,0.000878209,0.000483789,0.009920026,6.27E-05,0.010266195,0.009761873
0,0.005493394,0.009711295,0.004139987,0.103522793,0.001218688,0.001690784,0.001088753,0.015651079,0.002167292,0.001573836,0.016046578,0.000934375,0.016405863,0.017378181
0,0.010576522,0.011735948,0.010723582,0.074775102,0.002388427,0.002513892,0.002451968,0.011573654,0.002637778,0.002581788,0.011524468,0.002475153,0.012306949,0.010557038
0,0.013219937,0.013055226,0.012843945,0.069223858,0.003012715,0.002980084,0.00302563,0.010952259,0.00294781,0.002992812,0.010749323,0.002985738,0.011571891,0.009416595
0,0.013616185,0.014221307,0.013667648,0.069766106,0.003107238,0.003166229,0.003173113,0.011095305,0.003224115,0.003234348,0.010984537,0.003185971,0.011776371,0.009525473
0,0.015992526,0.015407219,0.016291556,0.079274715,0.00367926,0.003592514,0.00378599,0.01306875,0.003507306,0.003696492,0.012772814,0.00383085,0.013893187,0.011523414
0,0.017530024,0.015204028,0.016095374,0.069174138,0.004054067,0.003751648,0.003954552,0.011473339,0.003458628,0.003647414,0.011002882,0.003782264,0.01197516,0.009406639
0,0.017145363,0.034583606,0.016633626,0.155427915,0.003959949,0.006076652,0.00397251,0.026776983,0.008392863,0.006149538,0.030138994,0.003915709,0.028244615,0.033579852
0,0.035601062,0.045621022,0.031952063,0.178482378,0.008736641,0.010073232,0.00839476,0.035447398,0.011466457,0.009745658,0.037332284,0.007902374,0.036487224,0.042380189
0,0.034117637,0.039838514,0.034822303,0.107393372,0.008333002,0.009076187,0.008581418,0.021053237,0.009832363,0.009349238,0.021665987,0.008689953,0.022346729,0.018413768
0,0.041946603,0.042021809,0.041763704,0.094354869,0.01050213,0.010472787,0.010664884,0.01966737,0.010443182,0.010635929,0.019381414,0.010647592,0.020704731,0.015036229
0,0.044284035,0.045220644,0.042175041,0.116035118,0.011168343,0.011260715,0.011064006,0.024550789,0.011351623,0.011160725,0.024339287,0.010765951,0.025492605,0.020826263
0,0.040849555,0.038819484,0.03653427,0.110940503,0.010192399,0.009867326,0.009765556,0.022900932,0.00954983,0.009444056,0.022204461,0.009165808,0.023390105,0.019387237
0,0.040532128,0.040522243,0.040065414,0.102128676,0.01010313,0.010063026,0.010219403,0.021043672,0.010022845,0.010179683,0.020719773,0.010161711,0.022113443,0.017011994
0,0.041922571,0.04887013,0.042270338,0.123828751,0.010495325,0.011440203,0.010733494,0.025741589,0.012407651,0.011707124,0.026619133,0.010793409,0.027208833,0.023120889
0,0.048643045,0.05769632,0.046896517,0.159748802,0.012433584,0.013718543,0.01239605,0.034668394,0.015048005,0.013706213,0.036164652,0.012143354,0.036118408,0.035154083
0,0.059581053,0.057156431,0.057111407,0.129982635,0.015739357,0.015306329,0.015626045,0.030404572,0.014882988,0.015190553,0.029495398,0.015241988,0.031494039,0.025012407
0,0.058299042,0.056676173,0.054434408,0.11300985,0.015342211,0.015036685,0.015008717,0.026341402,0.014736581,0.014705686,0.025679263,0.014414245,0.027020427,0.019965934
0,0.05330532,0.050445667,0.029994941,0.166255267,0.013819761,0.013338648,0.010535926,0.037148766,0.012870011,0.010121152,0.035919901,0.007372696,0.033498599,0.037589978
0,0.03540723,0.03912085,0.029660224,0.147451312,0.008683704,0.009157178,0.008053647,0.029230874,0.009633216,0.008531091,0.029542705,0.007282704,0.029597851,0.030764785
0,0.033700218,0.037919716,0.033651236,0.099227896,0.008220043,0.008758586,0.00836392,0.019376454,0.009301717,0.008918731,0.019730419,0.008367071,0.02044839,0.016261621
0,0.038353767,0.046090666,0.039280241,0.110503201,0.009494775,0.010533181,0.00979608,0.022387004,0.011601479,0.010869342,0.023343751,0.009938589,0.023779487,0.019265963
0,0.047864712,0.055120746,0.04889717,0.145339655,0.012205486,0.013222487,0.012573836,0.031423477,0.014264893,0.013624218,0.032450176,0.012737464,0.03333201,0.030039322
0,0.056400057,0.0538125,0.049099677,0.119238149,0.014758664,0.014309533,0.013893729,0.027400261,0.013871103,0.013456928,0.02653472,0.012797947,0.027476465,0.021755661
0,0.04937503,0.051038204,0.049069235,0.079890324,0.012648965,0.012847716,0.012827379,0.017687885,0.013044906,0.013032542,0.01765564,0.012788851,0.018578963,0.01165855
0,0.050180972,0.056136843,0.050912677,0.092590675,0.012887077,0.013722447,0.013223511,0.020535274,0.014572598,0.014085029,0.021118383,0.013342279,0.021733576,0.014603467
0,0.056030417,0.057359902,0.054973837,0.096830865,0.014645731,0.014796237,0.01473905,0.022352824,0.014945125,0.014894773,0.022233659,0.014580143,0.02334816,0.015653344
0,0.054965984,0.053678156,0.05265538,0.088474634,0.014321721,0.014074293,0.014219494,0.020341084,0.013830816,0.013971656,0.019864197,0.013870323,0.021055097,0.013616255
0,0.054898179,0.053435584,0.050189859,0.079413152,0.014301141,0.014027291,0.013832999,0.018328674,0.013758147,0.013563726,0.017874054,0.013124648,0.018626758,0.011553741
0,0.050392543,0.048343787,0.038844639,0.088783989,0.012949753,0.012598097,0.011457872,0.019745192,0.012254057,0.011129192,0.019162298,0.009815218,0.019056129,0.013689359
0,0.0421463,0.043242215,0.042380636,0.058331273,0.010558714,0.010674071,0.010781826,0.012259967,0.010787873,0.010901342,0.012207076,0.010825207,0.012944002,0.007345092
0,0.044964951,0.044513593,0.044698211,0.051554194,0.011364026,0.011256218,0.011528354,0.011150534,0.011149445,0.011419048,0.01095254,0.011497726,0.011711741,0.006167411
0,0.045510257,0.044237923,0.037692249,0.067009076,0.011521259,0.011294079,0.010592032,0.014456773,0.011070831,0.010376118,0.014098512,0.009490261,0.014254051,0.008977558
0,0.036752183,0.037441692,0.036190877,0.06291884,0.009052233,0.009111941,0.009139255,0.01258267,0.009170417,0.00920189,0.01247783,0.009069993,0.013205091,0.008190686
0,0.039062578,0.037261823,0.034912012,0.056086027,0.009691911,0.00940331,0.009285884,0.011463409,0.009121105,0.009000588,0.011107758,0.008714775,0.011621988,0.006945481
0,0.035227559,0.039766314,0.036014695,0.06599643,0.008634687,0.009220445,0.008900141,0.013017317,0.009812291,0.009505489,0.013361352,0.009020906,0.013832264,0.008779854
0,0.041737607,0.046235763,0.042158423,0.071333378,0.010442979,0.011040155,0.010690618,0.014893236,0.011643264,0.011306416,0.015235116,0.010761164,0.015751193,0.009843234
0,0.048730448,0.046899103,0.046433414,0.06661354,0.012459258,0.012143739,0.012340721,0.014759953,0.011834712,0.012023655,0.014334067,0.012006719,0.015252297,0.008900109
0,0.046944187,0.049248443,0.046649745,0.066057767,0.01193694,0.01222811,0.012106115,0.014427848,0.012518316,0.012406076,0.014496442,0.012070504,0.015155071,0.008791775
0,0.052090113,0.049177501,0.048104645,0.050245305,0.013455181,0.012969944,0.013092706,0.011598055,0.012497547,0.012609251,0.01115219,0.012501373,0.011778895,0.005949784
0,0.047488634,0.056014928,0.045626917,0.072449773,0.012095612,0.01329642,0.012037313,0.015851481,0.014535593,0.013261279,0.016695577,0.011769564,0.016447683,0.010072361
0,0.058487009,0.054509775,0.044697181,0.08418904,0.015400279,0.014730049,0.013525252,0.019886621,0.014080653,0.012897087,0.019053807,0.011497426,0.018918663,0.012621799
0,0.045220009,0.045079876,0.04501778,0.03975008,0.011437511,0.011374304,0.011612333,0.008698251,0.011311308,0.011548712,0.008574764,0.011591115,0.009134396,0.004319752
0,0.047376197,0.048801701,0.046138404,0.042666361,0.012062805,0.012226043,0.012095614,0.009510437,0.012387658,0.012264344,0.00951875,0.011919852,0.009886717,0.004752169
0,0.050277531,0.048360964,0.047529773,0.034656687,0.012915673,0.012583908,0.012734558,0.008051401,0.012259063,0.012402216,0.007795865,0.012330731,0.00822428,0.003602389
0,0.046546652,0.045795305,0.046244731,0.025078483,0.011821376,0.011667967,0.011987679,0.005714032,0.011516523,0.0118317,0.005599136,0.011951145,0.005980794,0.002383817
0,0.046318058,0.04547383,0.043712297,0.039196795,0.011755036,0.011588481,0.011584469,0.008679513,0.011424211,0.011419054,0.008495288,0.011210611,0.008892452,0.004239495
0,0.04800018,0.04567744,0.047463006,0.028082052,0.012245118,0.011859305,0.012383325,0.006459798,0.011482659,0.011989776,0.006212397,0.012310946,0.006745202,0.002747611
0,0.047907054,0.04621691,0.048459068,0.03530522,0.01221787,0.011924951,0.012515817,0.007991481,0.011637833,0.012214759,0.007752756,0.012606834,0.008450507,0.003691054
0,0.049025417,0.048013234,0.048655692,0.04154569,0.01254599,0.012350462,0.012713377,0.009423134,0.012157819,0.012514424,0.009211295,0.012665425,0.009874804,0.004584132
0,0.050574216,0.04881008,0.042446079,0.057173929,0.013003629,0.012693794,0.012020931,0.012941535,0.012390105,0.01172413,0.01257406,0.010844083,0.012698945,0.007137938
0,0.042792742,0.043215542,0.043290665,0.032732003,0.010742309,0.010761755,0.011006258,0.007027167,0.010780314,0.011026889,0.006976216,0.011088286,0.007436861,0.00334385
0,0.045280233,0.042761538,0.04470777,0.016798021,0.011454877,0.011048176,0.011576303,0.003882818,0.010651832,0.011161317,0.003693675,0.011500517,0.004036821,0.001467612
0,0.045218435,0.042554018,0.044279374,0.021527396,0.011437057,0.0110095,0.011505096,0.00487193,0.010593211,0.011069917,0.004642966,0.011375569,0.005050981,0.001975312
0,0.044115379,0.042709867,0.037681072,0.045305106,0.011119987,0.010876353,0.010392101,0.00975893,0.010637229,0.010157001,0.009495909,0.009487119,0.00963869,0.005157039
0,0.044027261,0.043676388,0.044093927,0.029151112,0.01109474,0.011002524,0.011302865,0.006380605,0.010911064,0.011209073,0.006280257,0.011321569,0.006716054,0.002881138
0,0.045546305,0.043023941,0.042980214,0.024994477,0.01153167,0.011123672,0.011364812,0.005623692,0.010726052,0.010954656,0.005382252,0.010998393,0.005717674,0.002373883
0,0.04513561,0.042406686,0.043499937,0.017465898,0.011413183,0.010976568,0.011379992,0.004013846,0.010551634,0.010937808,0.003807205,0.011148966,0.004104587,0.001536791
0,0.043970184,0.041286689,0.042550347,0.023419532,0.011078393,0.010651838,0.011072295,0.005180899,0.010236683,0.010639618,0.004939,0.010874171,0.005341657,0.002190063
0,0.041858914,0.041161562,0.042011506,0.015508525,0.010477304,0.010338559,0.01068739,0.003400749,0.010201618,0.010545554,0.003332988,0.010718864,0.003580246,0.001336388
0,0.042636961,0.04127831,0.043178015,0.009823935,0.010698006,0.010464013,0.010967327,0.002271927,0.010234334,0.010726715,0.002191673,0.01105565,0.002409349,0.000794704
0,0.042154597,0.044934919,0.043238605,0.027551227,0.010561066,0.010915505,0.010905299,0.005905536,0.011269827,0.011271762,0.00604692,0.011073201,0.006297262,0.002682099
0,0.047263474,0.045083367,0.0470777,0.014854065,0.012029936,0.011666943,0.012216464,0.003595474,0.011312308,0.011845261,0.003438178,0.012196901,0.003756669,0.001270969
0,0.047587624,0.045788044,0.042530494,0.021454824,0.012124511,0.011816303,0.011597525,0.005019016,0.011514436,0.011294782,0.004848041,0.010868441,0.004911331,0.001967208
0,0.042780583,0.040548497,0.0394451,0.020326578,0.010738849,0.010380171,0.01045458,0.004455902,0.010030174,0.01009654,0.004264858,0.009985357,0.00445098,0.001842471
0,0.041644625,0.039963501,0.040444985,0.019669376,0.010416685,0.01013901,0.01043359,0.004244218,0.009867129,0.010152115,0.004094039,0.010269917,0.004378504,0.001770901
0,0.04048206,0.038604981,0.038054319,0.016271573,0.010089064,0.009786427,0.009928251,0.003471842,0.009490565,0.009624407,0.00332824,0.009592137,0.003490668,0.001413666
0,0.038145058,0.038408772,0.03759754,0.007614992,0.009436878,0.009436956,0.009531663,0.001577707,0.009436417,0.009533176,0.001595238,0.009463646,0.001621733,0.000600398
0,0.039819025,0.038850766,0.038872728,0.013573907,0.009903163,0.009729441,0.009948915,0.002880508,0.009558478,0.009773064,0.002805899,0.009823164,0.002966278,0.001145304
0,0.040439861,0.03842944,0.03973658,0.010972728,0.010077212,0.009755928,0.010159697,0.00238547,0.009442118,0.00983231,0.002263872,0.01006815,0.002460087,0.000899335
0,0.038588512,0.039358395,0.038652721,0.011779643,0.009559975,0.009630168,0.009742086,0.002444071,0.009699044,0.009815175,0.00247728,0.009760956,0.002569274,0.000974294
0,0.040467183,0.038480971,0.037488566,0.012855415,0.010084886,0.009766938,0.009846262,0.002772125,0.009456335,0.009528355,0.002641171,0.00943304,0.002728658,0.001076108
0,0.03811001,0.036971629,0.037455182,0.002517949,0.009427162,0.009232697,0.00950685,0.000546935,0.009041654,0.009309145,0.000515093,0.009423667,0.000531776,0.000186613
0,0.037071613,0.036385795,0.037352238,3.54E-05,0.009140176,0.009010027,0.009345147,0,0.008881663,0.009211767,0,0.009394777,0,2.54E-06
0,0.037882991,0.035986395,0.035942339,0.001966808,0.009364276,0.00906514,0.009264114,0.000425166,0.008772896,0.0089625,0.000361165,0.00900076,0.000342464,0.00014476
0,0.036858039,0.039876499,0.0374393,0.017617459,0.009081359,0.009461929,0.009326883,0.003514721,0.009842926,0.009719918,0.003677001,0.009419209,0.003736665,0.001552605
0,0.042057896,0.039484919,0.040583813,0.005089285,0.010533657,0.010128541,0.010513016,0.001262857,0.009734142,0.010102286,0.001146401,0.01030955,0.001238721,0.000389329
0,0.041068707,0.041016885,0.041928415,0.023225449,0.010254122,0.010207606,0.010560585,0.004935775,0.010161106,0.010512791,0.004880906,0.010694955,0.005254016,0.002167729
0,0.04330157,0.040629075,0.041494872,0.018139752,0.01088728,0.01046431,0.010823318,0.004036541,0.010052674,0.010395505,0.00383003,0.010570381,0.004118496,0.001607428
0,0.041134224,0.038938885,0.039582016,0.014598851,0.010272589,0.009923477,0.010237635,0.00316924,0.00958285,0.00988419,0.003015463,0.010024231,0.003230036,0.001245673
0,0.041413314,0.039053957,0.040865587,0.003173169,0.010351331,0.009978299,0.010459894,0.000836702,0.009614695,0.01007911,0.000742784,0.010390082,0.000838703,0.000237103
0,0.040613809,0.03945629,0.040716023,0.007000394,0.010126086,0.009924399,0.010323094,0.001582093,0.009726198,0.01011656,0.001527151,0.010347321,0.001658622,0.000547947
0,0.04143706,0.038975474,0.041513108,0.016740756,0.010358036,0.009970486,0.010555237,0.003628124,0.009592973,0.010157682,0.003444822,0.010575615,0.003816001,0.001461719
0,0.04084555,0.039104092,0.040684404,0.018489717,0.010191271,0.009906878,0.01035212,0.003949284,0.009628575,0.010061188,0.003801925,0.010338285,0.004139983,0.001644446
0,0.040786756,0.038798397,0.039205092,0.011067529,0.010174726,0.009855686,0.010134409,0.002424519,0.009544,0.009811679,0.002303466,0.009917284,0.002449383,0.000908079
0,0.038593089,0.036491092,0.037823871,0.010892915,0.009561247,0.009231823,0.009626949,0.002264845,0.00891038,0.009291316,0.002139388,0.009527272,0.002331445,0.000891987
0,0.038274088,0.036644986,0.038544335,0.005341423,0.009472663,0.009209741,0.00968203,0.001125129,0.008952382,0.00941199,0.001055521,0.009730338,0.001187628,0.000409868
0,0.038765321,0.037668624,0.038687575,0,0.009609141,0.009419296,0.009772232,6.75E-05,0.009232704,0.00957815,4.91E-05,0.009770807,5.32E-05,0
0,0.038888058,0.037062541,0.038623897,0.002149397,0.0096433,0.009351654,0.009780868,0.000508726,0.00906653,0.009482644,0.000446624,0.009752812,0.000509625,0.000158563
0,0.039383296,0.03757436,0.039099353,0.004568928,0.009781368,0.009490877,0.00991836,0.001023695,0.009206821,0.009621398,0.000948931,0.009887322,0.001050843,0.000347315
0,0.038263074,0.039434086,0.038867875,0.017787133,0.009469607,0.009595616,0.009725571,0.003639123,0.009720037,0.00985597,0.003682772,0.009821791,0.003867536,0.001570359
0,0.041289862,0.041194939,0.041526932,0.012883929,0.010316485,0.01026367,0.010535827,0.002826287,0.010210969,0.010482264,0.002805029,0.010579583,0.002979547,0.001078836
0,0.043857747,0.041825182,0.043931863,0.017858239,0.011046206,0.01071325,0.011254599,0.004013874,0.010387865,0.01091333,0.003849807,0.011274421,0.004219391,0.001577816
0,0.044787856,0.042897977,0.043967011,0.012943928,0.011313062,0.010998328,0.011396487,0.003044351,0.010690409,0.011076314,0.002916524,0.011284643,0.003140679,0.00108458
0,0.044080618,0.044419608,0.044956749,0.013114862,0.011110026,0.011116706,0.011434982,0.003038424,0.011122629,0.011442169,0.003040459,0.011573267,0.003238555,0.001100984
0,0.04675436,0.050400699,0.047376239,0.025266747,0.011881726,0.012368054,0.012183944,0.00576898,0.012856761,0.012685685,0.005971049,0.012285244,0.006107792,0.002406127
0,0.051075033,0.073931248,0.052097862,0.070946585,0.013152413,0.016508071,0.013537131,0.01597998,0.020223846,0.017000735,0.018587395,0.013700879,0.016948292,0.009764389
0,0.071235597,0.071441419,0.066339499,0.050765872,0.019467711,0.019435752,0.018987191,0.013662737,0.01940322,0.018960346,0.013513365,0.018180787,0.013813912,0.006035956
0,0.069841721,0.073119739,0.070514928,0.037650791,0.019010611,0.019482321,0.019443543,0.010398884,0.019955311,0.019929381,0.010561217,0.019554018,0.010958529,0.00401825
0,0.072819157,0.071963712,0.071871443,0.032569575,0.019990703,0.01978152,0.020169763,0.009431113,0.019574557,0.019958591,0.009258591,0.020005988,0.009795756,0.003322347
0,0.074138791,0.076315221,0.073844007,0.033512601,0.020429528,0.020724651,0.020723583,0.009767331,0.021018697,0.021027196,0.009836969,0.020668322,0.010201602,0.003447877
0,0.078207267,0.083513366,0.078617102,0.042597316,0.021799593,0.022630838,0.022233252,0.012351043,0.023472769,0.02308726,0.012693684,0.022296035,0.012975473,0.004741749
0,0.086575674,0.087996566,0.074247402,0.046671214,0.0246991,0.024871505,0.022917067,0.01417345,0.025042313,0.023094325,0.014143887,0.020804517,0.013599107,0.005371724
0,0.072648785,0.076880247,0.074047249,0.024434458,0.019934247,0.020568879,0.020503205,0.00745485,0.021208392,0.021158016,0.007683555,0.020736909,0.007900673,0.002307992
0,0.076483089,0.075627722,0.075836865,0.026996417,0.021215811,0.021001082,0.02146135,0.008359793,0.02078856,0.021244084,0.008211295,0.021343616,0.008693095,0.002614185
0,0.074101169,0.08102242,0.075154196,0.036582132,0.02041698,0.021504298,0.020936792,0.010509779,0.02261433,0.022056698,0.010979222,0.021111593,0.01110065,0.00386791
0,0.083950569,0.083742951,0.083179897,0.033762203,0.02377775,0.023664927,0.024034912,0.010637841,0.023552379,0.023921986,0.010505575,0.023885153,0.011060536,0.003481379
0,0.085415112,0.084327528,0.081647494,0.033285371,0.02429044,0.024021443,0.024025024,0.010636762,0.023755459,0.023758563,0.010433903,0.023347841,0.010803976,0.003417479
0,0.083186254,0.083179881,0.084457732,0.015990107,0.023511521,0.023434489,0.024122232,0.006074166,0.023357278,0.024043634,0.006026897,0.024335997,0.006413523,0.001385034
0,0.085723527,0.08329188,0.084267873,0.015751147,0.024398834,0.023892668,0.024542746,0.006171,0.023396045,0.024030705,0.005974189,0.02426885,0.006337426,0.001360842
0,0.084357974,0.087596188,0.086575301,0.042370452,0.023920033,0.024409835,0.024703978,0.012862908,0.02490086,0.025210203,0.013011117,0.025088704,0.013674797,0.004707573
0,0.087962111,0.084853731,0.075996282,0.044966588,0.025190059,0.024557445,0.023466284,0.013867329,0.023938719,0.022862546,0.013412251,0.021397902,0.013335436,0.005104377
0,0.078131594,0.079669207,0.077440594,0.038469633,0.021773873,0.021963757,0.022019109,0.011322523,0.022152061,0.022214989,0.011327358,0.021891534,0.011792517,0.00413488
0,0.080527247,0.08043114,0.075231846,0.04589681,0.022592446,0.022502207,0.022053201,0.013391459,0.02241199,0.0219684,0.013223151,0.021137948,0.013499082,0.005249601
0,0.083660178,0.087476787,0.084815244,0.03605968,0.023676492,0.024266006,0.024269664,0.011196923,0.024858725,0.024876906,0.011395535,0.024462588,0.011815617,0.003795183
0,0.084342811,0.08426301,0.086559712,0.033337394,0.023914732,0.023823888,0.0246985,0.010562079,0.02373302,0.024604654,0.010441692,0.025083138,0.011233708,0.00342443
0,0.0862026,0.083738622,0.085506443,0.02472389,0.024567503,0.024054324,0.024847821,0.008503802,0.023550877,0.024326391,0.008245251,0.024707898,0.008828892,0.002341973
0,0.086506295,0.090487093,0.086975608,0.048063053,0.024674611,0.025299294,0.025163033,0.014524437,0.025927857,0.025804884,0.014742841,0.025231781,0.015253162,0.005594015
0,0.092721231,0.089925279,0.088692575,0.040951633,0.026898221,0.026306859,0.026600542,0.013260551,0.025727246,0.026010481,0.012859836,0.025848279,0.013489841,0.004496002
0,0.086650775,0.083636398,0.084164341,0.036564873,0.024725617,0.024113895,0.024690173,0.01158153,0.023515421,0.024074365,0.011197314,0.024232258,0.011893429,0.0038655
0,0.083285817,0.081723466,0.084671857,0.023098188,0.023546149,0.023198042,0.02417749,0.007881217,0.022854943,0.023819611,0.007698024,0.024411792,0.00833122,0.002153123
0,0.084835188,0.081416514,0.081022621,0.034086521,0.024087026,0.023410184,0.023812498,0.010793598,0.022749496,0.023135703,0.010395295,0.023129788,0.010962252,0.003525083
0,0.079343225,0.077690639,0.078771666,0.023254093,0.022186754,0.021831322,0.022457874,0.007642506,0.021481337,0.022096857,0.007454304,0.022349337,0.007943306,0.002171021
0,0.081119043,0.078189889,0.08015024,0.017945027,0.022796041,0.022216662,0.023006436,0.006435863,0.021650001,0.022418141,0.006195072,0.022826381,0.006649875,0.001586929
0,0.080912623,0.079492549,0.082247073,0.02485531,0.022724964,0.022406251,0.023332921,0.008154593,0.022091925,0.023005303,0.007973146,0.023557639,0.008620725,0.002357454
0,0.083593517,0.080078662,0.074021954,0.041801771,0.023653266,0.022964004,0.022367848,0.012648033,0.022291631,0.021700581,0.012182459,0.02072837,0.012333171,0.004622324
0,0.075068471,0.074132205,0.075727891,0.029940013,0.020740316,0.020514161,0.021199429,0.008972137,0.020290504,0.020968104,0.008804314,0.021306529,0.00944217,0.002981033
0,0.076896074,0.074644024,0.072804708,0.032202425,0.021355218,0.020903607,0.021017511,0.00967174,0.020460561,0.020568151,0.009386452,0.020318599,0.009780727,0.00327392
0,0.073581612,0.073805004,0.075390821,0.02162331,0.020243914,0.020213262,0.020887182,0.006840809,0.020182003,0.020855657,0.006792812,0.021191934,0.00727809,0.001986038
0,0.077236389,0.074537191,0.077813694,0.014557348,0.021470295,0.02094204,0.021927305,0.005350454,0.020425031,0.021386023,0.005149446,0.022019579,0.00561423,0.001241571
0,0.07663043,0.076748836,0.07831621,0.021396463,0.021265517,0.021215082,0.021907265,0.006994532,0.021164229,0.021855502,0.00693856,0.022192379,0.00742645,0.001960697
0,0.080158179,0.077264565,0.079880526,0.028856986,0.022465753,0.021895485,0.022791236,0.009099549,0.021337704,0.022209876,0.008784423,0.022732816,0.009493244,0.00284419
0,0.078823811,0.082734815,0.079349185,0.044181557,0.022009475,0.02260467,0.022466196,0.012801456,0.023203416,0.023078249,0.013016478,0.022548823,0.01345987,0.00498307
0,0.084414336,0.080729015,0.073885332,0.046332342,0.023939737,0.023217695,0.022483996,0.013876963,0.022513856,0.021788303,0.013359052,0.020682263,0.013476298,0.005318147
0,0.073873434,0.071176782,0.05367306,0.058820454,0.020341068,0.019823191,0.017300663,0.015885831,0.019316569,0.016836106,0.01538619,0.014180867,0.01434543,0.007433398
0,0.053283577,0.057620769,0.053893361,0.052292305,0.013813217,0.014416429,0.014147743,0.012167604,0.015024885,0.014769516,0.012452399,0.014248304,0.012858413,0.006291538
0,0.057427297,0.05564276,0.048018318,0.09767545,0.015073628,0.014745096,0.013881911,0.022757616,0.014422772,0.013569529,0.022154928,0.012475715,0.022429539,0.015866451
0,0.050974612,0.051531728,0.050135593,0.073976354,0.013122548,0.013157316,0.013228475,0.016623466,0.013190997,0.013265883,0.016458424,0.013108342,0.017383791,0.01038942
0,0.053294878,0.052758139,0.047909491,0.063892159,0.013816618,0.013685523,0.013244345,0.014711145,0.013555687,0.013119123,0.014446401,0.012443387,0.014823798,0.008375115
0,0.055231484,0.055394182,0.04966543,0.064184132,0.014402373,0.014375187,0.013803538,0.015002131,0.014347538,0.013782202,0.014815735,0.012967259,0.015101785,0.008430783
0,0.052916797,0.052755905,0.05189815,0.035077684,0.013702947,0.013628863,0.013789709,0.00836403,0.013555021,0.0137161,0.00825075,0.013640299,0.008697523,0.003659857
0,0.053690982,0.055357174,0.054966631,0.128082493,0.013935948,0.014136925,0.014373541,0.028855177,0.014336346,0.014581316,0.02873815,0.014577923,0.030626043,0.024420858
0,0.056625074,0.05463169,0.053460259,0.099741261,0.014827515,0.014468802,0.014598765,0.023093575,0.01411737,0.014240358,0.022447609,0.014115798,0.023779679,0.01639328
0,0.057213152,0.057283653,0.056392119,0.073864463,0.015007832,0.014964974,0.015142193,0.017399298,0.014921832,0.01510033,0.017166395,0.015018485,0.01818641,0.010366034
0,0.058014945,0.057253907,0.055068693,0.073166798,0.015254551,0.015082671,0.015062883,0.017345461,0.014912747,0.014892782,0.017009057,0.014609362,0.017848674,0.010220743
0,0.055765775,0.061273607,0.056030489,0.069888873,0.01456501,0.015353097,0.014859714,0.016331144,0.016152956,0.015670513,0.016780995,0.014906421,0.017207592,0.009550199
0,0.06225222,0.063519047,0.063185132,0.061000531,0.016575102,0.016716747,0.017008161,0.01509479,0.016856784,0.017154676,0.015037356,0.017161344,0.015964885,0.007832345
0,0.06477204,0.066439139,0.064671504,0.055583094,0.01737373,0.017579592,0.017655205,0.014122786,0.017783911,0.017867609,0.014117812,0.017639788,0.014815467,0.006857252
0,0.067897819,0.066132466,0.066482445,0.077914947,0.018378216,0.018029039,0.018460687,0.019724714,0.017685914,0.018107707,0.019224476,0.018227351,0.02052014,0.011227415
0,0.067002328,0.065432259,0.067035845,0.042164248,0.018088882,0.017773234,0.018402765,0.011211669,0.017462716,0.018080548,0.010932985,0.01840792,0.011761589,0.004676592
0,0.067521026,0.067934796,0.068800461,0.031187529,0.018256321,0.018260596,0.018775154,0.008675687,0.018263962,0.01877999,0.008613205,0.018986877,0.009194081,0.003141358
0,0.070586581,0.06722984,0.066952901,0.037086735,0.019254498,0.018637969,0.01898142,0.010328925,0.01803726,0.018364624,0.00992246,0.018380826,0.010499485,0.003938634
0,0.067439488,0.064768081,0.060062826,0.050616218,0.018229972,0.017735271,0.017342658,0.013240626,0.017251714,0.016860451,0.012804339,0.0161675,0.013117968,0.006011132
0,0.060011061,0.058974681,0.060390924,0.034324217,0.015873142,0.015655386,0.016207151,0.008789327,0.015440559,0.015984384,0.008601982,0.016271222,0.009253798,0.003557237
0,0.06146373,0.060512232,0.057447888,0.032844008,0.016327241,0.016120367,0.015975538,0.008571961,0.015916101,0.015772047,0.008397635,0.015346818,0.008652072,0.003358707
0,0.056849519,0.063381491,0.057964081,0.032743114,0.014896271,0.015845233,0.015327322,0.008173405,0.01681344,0.016306773,0.008606727,0.01550798,0.00867163,0.003345323
0,0.066242448,0.06377377,0.065436088,0.027374079,0.017844349,0.017385786,0.018018909,0.007681828,0.016937125,0.017552671,0.007417116,0.017887237,0.007982508,0.002660352
0,0.065901275,0.06412122,0.067245558,0.017658023,0.017734851,0.017387796,0.018254608,0.005387066,0.017046878,0.017896895,0.00522915,0.018476471,0.005719697,0.001556844
0,0.066912779,0.064611672,0.066485092,0.017358158,0.018060018,0.017626616,0.018298758,0.005381616,0.017202125,0.017857148,0.00519189,0.018228214,0.005595416,0.001525575
0,0.067176276,0.067053461,0.067448506,0.031861761,0.018144987,0.018062767,0.018498438,0.008806682,0.017980661,0.01841525,0.008699461,0.018542877,0.009249949,0.003229211
0,0.065691564,0.065588388,0.067113789,0.02496948,0.017667636,0.01758999,0.0181987,0.007079374,0.017512417,0.018118843,0.007000711,0.01843339,0.007518388,0.002370929
0,0.068637958,0.06548784,0.067628217,0.025538994,0.018618303,0.018042183,0.018769821,0.007427827,0.017480405,0.018184395,0.007124127,0.018601733,0.007698019,0.002438507
0,0.066321268,0.065191222,0.062058331,0.045246558,0.017869672,0.017626236,0.017486292,0.011870249,0.017386061,0.017246519,0.011617023,0.01680093,0.012032034,0.005147916
0,0.062919404,0.060620462,0.061433752,0.032868403,0.016785591,0.016363189,0.016838217,0.008696205,0.015949715,0.016410721,0.008411848,0.016602005,0.008993162,0.003361946
0,0.062505704,0.059903915,0.063017039,0.014206562,0.016654991,0.016185881,0.017022639,0.004376416,0.015727514,0.016541331,0.004190577,0.017107453,0.004603009,0.001207028
0,0.062203154,0.06132025,0.063082776,0.015536422,0.01655965,0.016362394,0.016984001,0.004663157,0.016167496,0.016781495,0.00457406,0.017128523,0.004929538,0.001339194
0,0.064225734,0.062659498,0.0649171,0.021061674,0.01719974,0.01689052,0.017605201,0.006067906,0.016586426,0.017287931,0.005905994,0.017719174,0.006398057,0.001923473
0,0.065824886,0.062641483,0.06372265,0.030254725,0.01771036,0.017138265,0.017674359,0.008322897,0.016580772,0.017096808,0.007984133,0.017333967,0.008550043,0.003021206
0,0.063352844,0.060572561,0.064422084,0.015669027,0.01692271,0.016422836,0.017383608,0.004764756,0.015934836,0.016868914,0.004557921,0.017559263,0.005047275,0.001352553
0,0.063513489,0.064368541,0.06268394,0.028660048,0.016973605,0.017050066,0.017132935,0.00777327,0.017125118,0.017213025,0.00775491,0.01700079,0.008079947,0.00281954
0,0.068505494,0.072215502,0.070243596,0.031073084,0.018575271,0.01911493,0.019174774,0.00872699,0.019657309,0.01973249,0.008924183,0.019463957,0.009283928,0.00312653
0,0.072959632,0.071978096,0.0747133,0.022268907,0.020037286,0.019806949,0.020667342,0.006954041,0.019579282,0.020429624,0.006821117,0.020962129,0.007395414,0.002058679
0,0.075833071,0.074197422,0.07566333,0.034997376,0.020996932,0.020651847,0.021320103,0.010270257,0.02031215,0.020968583,0.01001937,0.021284567,0.010738015,0.003648869
0,0.075960242,0.076184648,0.076355411,0.036605971,0.021039702,0.021007623,0.021459008,0.010675044,0.020974931,0.021427319,0.010573367,0.021520341,0.011213109,0.003871241
0,0.078654297,0.075762205,0.075094635,0.039921314,0.02195171,0.02138637,0.021708113,0.011728596,0.020833519,0.021142669,0.01133649,0.021091384,0.01195218,0.004344706
0,0.074652482,0.072380848,0.075883926,0.019980407,0.020601085,0.020152049,0.021154063,0.006514316,0.019711705,0.020692099,0.006306032,0.021359637,0.006889975,0.001804672
0,0.075291485,0.073999956,0.077091318,0.017338668,0.020815069,0.020528914,0.021467637,0.005911802,0.020246629,0.021172304,0.005781938,0.021771862,0.006289204,0.001523548
0,0.077741783,0.079323712,0.078192383,0.034467443,0.021641528,0.021838795,0.022079675,0.010299579,0.022034498,0.022283302,0.010316484,0.022149762,0.010819213,0.003576663
0,0.082610193,0.082396023,0.083561821,0.055587116,0.023311469,0.023198838,0.023862961,0.016039795,0.023086502,0.023748096,0.015819309,0.024019637,0.016910479,0.006857956
0,0.084569402,0.104702395,0.086511769,0.094043855,0.023993974,0.027443563,0.024730994,0.026049608,0.031168611,0.02829186,0.028724018,0.02506602,0.027621523,0.014959517
0,0.101885996,0.104015035,0.103225693,0.067347455,0.030287522,0.030598253,0.031025019,0.021339101,0.030907908,0.031345274,0.021333538,0.031250198,0.022496954,0.009044046
0,0.104740981,0.101210854,0.103537614,0.049708957,0.031370199,0.030602699,0.031637904,0.016783982,0.029852013,0.030859962,0.016238533,0.031369739,0.017419914,0.005861524
0,0.103790988,0.103558658,0.105669007,0.036189621,0.031008524,0.03087173,0.031860694,0.01294721,0.030735221,0.031720401,0.012789733,0.032190622,0.013686361,0.003813224
0,0.107104877,0.106933451,0.106261673,0.03590427,0.032276297,0.032148041,0.032623777,0.013149869,0.032019917,0.032495545,0.012996538,0.032420136,0.013654859,0.003773647
0,0.106081071,0.106471627,0.106174317,0.051743512,0.031882792,0.031863387,0.032406155,0.017487265,0.031843058,0.032388083,0.017325247,0.032386273,0.018290387,0.006199151
0,0.107993502,0.116222303,0.110583578,0.064790338,0.032619175,0.034115713,0.033637744,0.021357137,0.035648216,0.035182752,0.022063518,0.034110341,0.022651498,0.008546867
0,0.118650275,0.117483068,0.110117386,0.072277859,0.036827383,0.03648766,0.035669412,0.024812362,0.036151114,0.03534103,0.024368903,0.033926625,0.024824425,0.010036927
0,0.113695177,0.116485824,0.111988182,0.136149918,0.034848579,0.035300776,0.035054493,0.042581597,0.035753124,0.035516237,0.042579686,0.034665905,0.04422904,0.026978577
0,0.116947554,0.116658013,0.114671504,0.055996165,0.036143073,0.035982205,0.036247211,0.019847447,0.035821731,0.036087702,0.019588213,0.035735771,0.020483048,0.006929682
0,0.119121337,0.123571829,0.120570518,0.055144892,0.0370175,0.037813099,0.037885639,0.019831518,0.038614924,0.038703489,0.020077039,0.038127128,0.020875844,0.006780761
0,0.123589065,0.120480526,0.123917391,0.037300932,0.038837907,0.038090538,0.039503414,0.014968734,0.037356763,0.038741359,0.014546033,0.039507952,0.015641872,0.003968798
0,0.123690917,0.12012721,0.115890808,0.055869309,0.038879772,0.038038396,0.037866225,0.020536945,0.037213919,0.037039183,0.019922601,0.036225619,0.02058016,0.006907405
0,0.117257972,0.118519973,0.116013312,0.05228325,0.036267489,0.03641783,0.036580617,0.018796506,0.036566587,0.036736086,0.018713095,0.036274962,0.019501048,0.006290009
0,0.122475852,0.123063921,0.122133069,0.068449047,0.038381399,0.038394884,0.03890264,0.024155005,0.038407176,0.038918549,0.023941373,0.038769624,0.025198002,0.009261968
0,0.126385973,0.149197834,0.129089176,0.085545722,0.039993426,0.044626761,0.041170401,0.0298036,0.049621993,0.045946928,0.032646985,0.041675938,0.031546905,0.012932923
0,0.152573221,0.153152177,0.148814373,0.082250015,0.051406353,0.051409902,0.051300278,0.032415379,0.051412248,0.051308032,0.03211962,0.050326478,0.033297113,0.012183058
0,0.151834369,0.149670132,0.133994776,0.067642279,0.051069635,0.050448278,0.04774034,0.027471458,0.049834527,0.04715721,0.02690195,0.043770777,0.026429436,0.009102148
0,0.138154527,0.147053919,0.14015924,0.041928704,0.044989626,0.046803591,0.046103074,0.01769157,0.048661631,0.047967299,0.018317038,0.046456249,0.018634581,0.0046413
0,0.1493629,0.149337065,0.140616755,0.064562967,0.049949515,0.049817198,0.048703794,0.026159988,0.04968461,0.048579885,0.025863544,0.046657915,0.026229961,0.008503247
0,0.146307072,0.14341756,0.146422678,0.03877925,0.048577768,0.04780752,0.049324924,0.017416239,0.047049221,0.048541369,0.016985631,0.04924536,0.018155943,0.004179304
0,0.146030128,0.152887818,0.149917939,0.051679549,0.048454171,0.049861483,0.050045525,0.021582594,0.0512918,0.051499552,0.022049227,0.050828322,0.022919664,0.00618842
0,0.154298114,0.161796402,0.15541341,0.065671092,0.052195768,0.053788949,0.053218747,0.027111014,0.055411191,0.054850033,0.027692712,0.053355572,0.028415423,0.008716741
0,0.166888775,0.165139077,0.166638627,0.057735237,0.05809904,0.057541297,0.058875632,0.025841432,0.056988992,0.05831033,0.025372316,0.058663745,0.026902182,0.007238096
0,0.167440947,0.161782717,0.161010944,0.045173428,0.058363611,0.056866331,0.057653604,0.021514734,0.055404767,0.056165695,0.020756916,0.055978037,0.021771511,0.005136529
0,0.162752064,0.158213111,0.162093627,0.033462862,0.056132134,0.054923385,0.056789121,0.017039254,0.053739283,0.055562905,0.01650421,0.056490901,0.017675181,0.003441215
0,0.160500033,0.170087033,0.163412346,0.05713098,0.055072604,0.057188117,0.056559246,0.024933285,0.059356693,0.058735922,0.025701563,0.057118038,0.026318578,0.007130298
0,0.173103998,0.187860071,0.175346555,0.08012656,0.061104572,0.064570386,0.062527489,0.034489202,0.06817824,0.066082815,0.036083985,0.062916504,0.036275057,0.011710594
0,0.191797016,0.198952649,0.190580283,0.110562162,0.070508383,0.072208635,0.071173083,0.048494715,0.073935154,0.072899773,0.049149248,0.070639898,0.050346916,0.019282293
0,0.194337435,0.193923137,0.192149452,0.073820384,0.071828587,0.071564523,0.072251217,0.034968002,0.071300977,0.071987629,0.034535873,0.071455956,0.036136357,0.010356828
0,0.194577473,0.205003984,0.198652015,0.073878545,0.071953852,0.074522849,0.074020729,0.035020886,0.077157105,0.07666646,0.035967765,0.074878474,0.037020003,0.010368977
0,0.209741884,0.208843395,0.212070096,0.081962824,0.080050258,0.079639759,0.08177751,0.040179151,0.079231136,0.08135859,0.039621387,0.082148691,0.042172845,0.012118669
0,0.210133554,0.204315368,0.197186968,0.086848031,0.080264142,0.078507401,0.077799595,0.042176905,0.076787563,0.076086872,0.040891348,0.074101632,0.042016326,0.013234793
0,0.20483156,0.203590582,0.20302598,0.091186356,0.077389198,0.076892754,0.077959825,0.04311858,0.076399415,0.077460683,0.042461193,0.077217628,0.044644222,0.014263113
0,0.204466068,0.214723519,0.204730447,0.116794238,0.077192635,0.079790998,0.078320825,0.053088915,0.082452382,0.080967836,0.054291681,0.078137216,0.055379723,0.021044809
0,0.216216742,0.215150849,0.212295104,0.093398972,0.08361687,0.083151522,0.083649048,0.045699206,0.082688597,0.083185201,0.045040578,0.082272992,0.046984602,0.014801028
0,0.209358511,0.205282727,0.169770787,0.147102843,0.079841138,0.078563939,0.070079634,0.065989265,0.077306901,0.068947108,0.064376095,0.060179843,0.060139532,0.030644497
0,0.180506819,0.179889659,0.172460138,0.078725892,0.064763279,0.064461529,0.063656111,0.034981349,0.064160882,0.063362829,0.034510883,0.061493777,0.035351987,0.011403531
0,0.179016385,0.186527107,0.180025089,0.059751637,0.064019764,0.065744847,0.065178604,0.027904655,0.067499441,0.066942068,0.028442199,0.065250091,0.02918616,0.007602722
0,0.190291561,0.194575584,0.192414608,0.055264995,0.069730795,0.07068267,0.071253129,0.02748543,0.071640452,0.0722292,0.02765369,0.07159423,0.028849926,0.00680169
0,0.198608041,0.219270259,0.20403116,0.105425347,0.074070693,0.079377639,0.076532575,0.047676498,0.084980365,0.082016812,0.050505901,0.077759393,0.050610643,0.017883741
0,0.22588404,0.222169264,0.206576536,0.110505239,0.089064107,0.087828054,0.084709869,0.054268155,0.08660914,0.083530072,0.053043575,0.079138308,0.053131022,0.019266527
0,0.208854118,0.211593532,0.206147699,0.073559814,0.079566355,0.080148463,0.079909028,0.036725654,0.080730962,0.080500027,0.036680547,0.078905287,0.03788126,0.010302479
0,0.215884438,0.21450301,0.216687452,0.056812887,0.083432226,0.082879611,0.084782294,0.030851156,0.082330604,0.084221178,0.030386068,0.084715226,0.032186374,0.007073824
0,0.218966014,0.213110555,0.208520276,0.06195675,0.085151122,0.083338648,0.08335461,0.033285079,0.08156337,0.081572178,0.032274407,0.080198081,0.033396335,0.008010113
0,0.202932147,0.204679855,0.206442561,0.042262184,0.076369966,0.076677155,0.078361696,0.023771241,0.07698307,0.078678017,0.023697402,0.079065478,0.025054509,0.004691296
0,0.211267652,0.208725251,0.212227601,0.036460422,0.080884804,0.080021213,0.08224711,0.022223889,0.07916697,0.08136848,0.021796935,0.082235693,0.023180694,0.003850923
0,0.214661363,0.20909728,0.213501907,0.041356578,0.082754117,0.081044555,0.083550018,0.024487977,0.079369098,0.081820313,0.023746812,0.08294101,0.025346626,0.004556005
0,0.212488724,0.206962443,0.201261217,0.055718143,0.081555315,0.079866873,0.079556361,0.030043108,0.078212165,0.077901142,0.029145727,0.07627027,0.030010755,0.006880897
0,0.196873849,0.196297195,0.194405554,0.063934562,0.073156785,0.072847637,0.073516048,0.031508807,0.07253943,0.073207289,0.031107727,0.072635969,0.032510976,0.00838319
0,0.201440281,0.194974147,0.192794914,0.036973671,0.075573385,0.073688536,0.074296861,0.021581653,0.071848157,0.072434053,0.020821732,0.071792745,0.021666441,0.003922746
0,0.193875814,0.18764878,0.187922845,0.044176682,0.071587941,0.069808325,0.071022806,0.023662331,0.068070456,0.06924922,0.022842614,0.069266609,0.024037105,0.00498232
0,0.19071227,0.200043599,0.195875014,0.02589003,0.06994774,0.072204615,0.072261608,0.016491836,0.07451177,0.074593515,0.017026287,0.0734088,0.017521998,0.002480461
0,0.204572497,0.208283257,0.208802638,0.036746087,0.077249852,0.078086741,0.079450466,0.021762536,0.078927111,0.080312392,0.021871048,0.08035252,0.0229963,0.003890838
0,0.210197068,0.206557317,0.213780299,0.027977903,0.080298848,0.079137781,0.082374415,0.018756273,0.077993422,0.081182455,0.018313758,0.083095433,0.019757727,0.002734716
0,0.212334517,0.208663386,0.215145196,0.040249128,0.081470509,0.08029348,0.08335156,0.023832326,0.079133379,0.082146328,0.023274206,0.083854283,0.025034703,0.00439263
0,0.213753999,0.244457202,0.217475418,0.092880322,0.082252561,0.090570927,0.084398088,0.045120024,0.099571748,0.092944986,0.04919291,0.085156526,0.047569296,0.014674122
0,0.249551468,0.282553297,0.254924424,0.172513636,0.103017319,0.112877399,0.10599548,0.085751561,0.123532875,0.116147866,0.092673444,0.107243137,0.090639287,0.040007144
0,0.276378863,0.276036647,0.277374121,0.081352235,0.119893445,0.119582983,0.121728729,0.049050948,0.119272694,0.121414887,0.048500909,0.121529024,0.051135833,0.011982283
0,0.28417221,0.292759793,0.286233819,0.075705225,0.125007067,0.127651749,0.127255083,0.04739337,0.130339139,0.129953681,0.048023685,0.127382581,0.049535133,0.010753717
0,0.297506587,0.29513818,0.292275338,0.073988518,0.133976884,0.132958853,0.133832089,0.048277354,0.131948662,0.132815813,0.04749165,0.131444178,0.049468801,0.010391964
0,0.291165623,0.294244836,0.276672922,0.098275306,0.129676724,0.13050904,0.126381489,0.05937029,0.13134307,0.127205647,0.059231563,0.121070958,0.059391371,0.016018612
0,0.280067113,0.290939448,0.281702496,0.093666368,0.122301652,0.125670649,0.124375227,0.055436885,0.129113257,0.127809645,0.056487481,0.124373509,0.057898846,0.014866651
0,0.299595255,0.294771597,0.287866519,0.113982358,0.135407103,0.133540661,0.133026277,0.068537419,0.131700006,0.131189567,0.06698866,0.128474617,0.069155194,0.020240644
0,0.287985629,0.289880618,0.287093259,0.084114637,0.127543883,0.127973697,0.12883142,0.051982806,0.128402595,0.129269438,0.051714248,0.127956902,0.053905331,0.012604835
0,0.297663512,0.306877619,0.300628109,0.087187097,0.134084102,0.13702828,0.136754797,0.054866079,0.140023083,0.139763302,0.055617416,0.137153069,0.057463191,0.013313904
0,0.315458178,0.342979505,0.321238187,0.105926972,0.146492078,0.156076277,0.150332547,0.067124714,0.166208934,0.160175802,0.070933975,0.15170362,0.070747545,0.018018155
0,0.347915437,0.371220883,0.346799455,0.15970267,0.170400288,0.179065139,0.171976093,0.102315698,0.188118757,0.18074163,0.106478362,0.170667304,0.106077625,0.035137093
0,0.343747255,0.353430249,0.351935651,0.10773841,0.167237718,0.170675456,0.172320384,0.072782983,0.174170832,0.175863441,0.073647954,0.174600394,0.07702254,0.018507434
0,0.358541597,0.352649603,0.347132995,0.096207392,0.178585796,0.176060081,0.176200992,0.068712704,0.173570175,0.173705591,0.067129235,0.17092147,0.069547392,0.015496879
0,0.362842958,0.377962231,0.372874417,0.113305949,0.181949446,0.187663909,0.188020729,0.079153489,0.19353373,0.193925517,0.080953446,0.191058961,0.08400649,0.020049389
0,0.387100466,0.38350063,0.384544941,0.099637376,0.201460795,0.199740813,0.202694432,0.075159064,0.198035786,0.200963594,0.073854394,0.200528282,0.077610427,0.016366598
0,0.38897084,0.38883472,0.396170317,0.081815867,0.203003455,0.202710549,0.208298589,0.064730063,0.202417258,0.207997996,0.064084232,0.210171542,0.068198624,0.01208578
0,0.39593221,0.45202489,0.401556668,0.162082513,0.208793205,0.232063807,0.21351762,0.114621869,0.257718958,0.237333972,0.126188907,0.21471077,0.120377306,0.036018741
0,0.446069266,0.477863582,0.456992873,0.193700111,0.252732003,0.267060039,0.260507385,0.147175296,0.282136555,0.275278367,0.154050394,0.26405004,0.155780546,0.048729706
0,0.458187005,0.455673678,0.392238867,0.202994634,0.263941943,0.262518881,0.235809401,0.156710311,0.261103553,0.234546918,0.154453115,0.206886881,0.143935535,0.052819272
0,0.445650417,0.472075628,0.423707385,0.160298739,0.25234864,0.264206938,0.245002486,0.124808039,0.276575894,0.256566338,0.12951097,0.23385206,0.124418146,0.035356928
0,0.477768505,0.514932966,0.481437782,0.182919726,0.282542179,0.30025237,0.287328093,0.14799193,0.318996471,0.305355105,0.155838366,0.287324731,0.154542875,0.044187245
0,0.528356883,0.575590296,0.53748386,0.212289158,0.333373018,0.357821044,0.341597937,0.18310517,0.383961113,0.366659131,0.194713985,0.344195361,0.192657387,0.057069214
0,0.575652543,0.606549552,0.543909509,0.221583681,0.384517712,0.401573957,0.370527115,0.2042022,0.419343791,0.387017227,0.211317716,0.351027659,0.202063803,0.061479531
0,0.601374736,0.596875544,0.5843567,0.144095994,0.413802825,0.410954392,0.407981024,0.14644681,0.408126044,0.405173003,0.144135175,0.395508649,0.148149036,0.029615934
0,0.591666526,0.59658926,0.528726665,0.198347373,0.402628233,0.405205756,0.370454267,0.189602067,0.407796313,0.372851886,0.189101773,0.334987343,0.17905684,0.050754442
0,0.559139173,0.544173265,0.430848057,0.328470698,0.366262709,0.357831438,0.299517325,0.284351213,0.349592515,0.292581295,0.275337515,0.240185218,0.239606684,0.123725142
0,0.509976142,0.513570117,0.470705817,0.182127416,0.31444097,0.316019561,0.297670472,0.155539368,0.31760315,0.299182847,0.154913701,0.276992097,0.151174017,0.043861906
0,0.477502862,0.529706592,0.466356706,0.165995311,0.282285833,0.30725243,0.279884337,0.136033221,0.334287429,0.304697987,0.146773535,0.272855812,0.138481586,0.037491148
0,0.538958867,0.568843362,0.545017339,0.148296904,0.344533423,0.360159462,0.351290496,0.136692401,0.376449749,0.367233089,0.141696951,0.352212087,0.143092732,0.03105761
0,0.569431455,0.561499561,0.506538888,0.161886916,0.377590398,0.372943871,0.34634124,0.154157874,0.368355067,0.342074213,0.150884211,0.312191182,0.145014824,0.035945882
0,0.531897792,0.536126883,0.524417555,0.132128647,0.337080868,0.339055931,0.33659808,0.122825237,0.341039282,0.338576976,0.122467146,0.330500177,0.125869938,0.025688559
0,0.519908654,0.515710959,0.493463612,0.116722056,0.324605738,0.32219027,0.314260612,0.108921853,0.319793166,0.311923314,0.107146709,0.29911588,0.108117825,0.021023982
0,0.514895335,0.528453647,0.512639968,0.108015522,0.319455893,0.326153246,0.321613791,0.101545537,0.332977321,0.328367215,0.102830438,0.318383241,0.104907863,0.018582821
0,0.529266106,0.533958949,0.531792205,0.130561378,0.334323236,0.336532223,0.339092849,0.121119317,0.338752158,0.341336516,0.120858713,0.338197132,0.126107335,0.025193912
0,0.517064826,0.508835547,0.480735553,0.157459784,0.321679638,0.317201161,0.306268502,0.138878626,0.312785364,0.301998796,0.135706554,0.286643156,0.135680316,0.034315807
0,0.503196016,0.489317855,0.419243564,0.183667846,0.307590964,0.300359444,0.268401618,0.154960752,0.293295945,0.262059497,0.149950563,0.229933314,0.138828974,0.044495509
0,0.418617602,0.463331692,0.395853984,0.18978203,0.228186812,0.247479104,0.220734311,0.13741557,0.268275009,0.239485746,0.147570813,0.209906361,0.136588223,0.047053812
0,0.461838349,0.455857039,0.44669607,0.10441161,0.267364798,0.264301744,0.263083772,0.090208346,0.261274189,0.260067622,0.088372295,0.254524304,0.091031669,0.017613528
0,0.445054901,0.448442157,0.439756139,0.105188663,0.251804051,0.253108158,0.252109929,0.08798891,0.254415958,0.253421678,0.087687452,0.248197073,0.090396499,0.017820481
0,0.448768042,0.480880731,0.458345417,0.138627377,0.25520871,0.269750299,0.262406482,0.110997687,0.285056061,0.277362805,0.116341234,0.265313551,0.1171945,0.027788286
0,0.450626543,0.443877681,0.436818691,0.139054842,0.256920912,0.253556799,0.253301754,0.111660459,0.250237039,0.249981836,0.109204183,0.24554152,0.1129973,0.027929148
0,0.452262746,0.439836475,0.410307539,0.147724077,0.258432788,0.252429884,0.241718316,0.117833759,0.246564472,0.236084243,0.114050492,0.222181563,0.113098251,0.030859097
0,0.419173207,0.43418468,0.423154867,0.196023742,0.228671899,0.234994237,0.232956292,0.141530918,0.241471208,0.239404335,0.144075829,0.23336533,0.148080295,0.049737062
0,0.490878723,0.547374333,0.463856037,0.312205282,0.295330776,0.322962012,0.285057083,0.244113624,0.353023465,0.311829136,0.264072123,0.270490832,0.242248879,0.112884783
0,0.487801295,0.484143665,0.475865102,0.154774648,0.292304685,0.290259777,0.28950881,0.13041958,0.288229471,0.287484092,0.128343649,0.281937053,0.132602192,0.033344864
0,0.487490448,0.474538504,0.46346573,0.118258642,0.291999848,0.285393858,0.283247243,0.104278111,0.278935629,0.276826466,0.100975895,0.270122581,0.103731699,0.021469424
0,0.467387103,0.481677577,0.466085667,0.14466324,0.272606275,0.279147661,0.27490608,0.11893113,0.285829502,0.281514014,0.120726148,0.27259901,0.123132909,0.029808689
0,0.477362673,0.504755239,0.489864525,0.148794118,0.282150595,0.29513013,0.291214197,0.123917172,0.308661555,0.304611001,0.128509493,0.295563447,0.131335185,0.031230413
0,0.510561788,0.531548023,0.523342961,0.143049089,0.315036026,0.325467387,0.324847262,0.126756741,0.336217343,0.335603822,0.129843109,0.329385678,0.134213483,0.029261754
0,0.546361832,0.551563289,0.542537553,0.16648558,0.352430605,0.354976839,0.353960298,0.1524771,0.357537531,0.3565234,0.15221347,0.349563487,0.157214288,0.037677643
0,0.538557756,0.545843904,0.547852725,0.135119067,0.344107983,0.347728401,0.352584536,0.126430822,0.351381123,0.356295231,0.126654014,0.355252212,0.13300759,0.02664502
0,0.557294976,0.590642244,0.572782649,0.172865911,0.364250498,0.382196622,0.376421198,0.160096526,0.400975841,0.394965814,0.166531076,0.382520486,0.169883861,0.040145364
0,0.577593727,0.56834872,0.559327066,0.155549131,0.38669166,0.381258387,0.380266259,0.150847371,0.375901873,0.374918557,0.14737976,0.367682767,0.152230535,0.033623543
0,0.570811169,0.684585128,0.571676584,0.261085404,0.379121513,0.442148808,0.383414077,0.234722075,0.51520108,0.447212242,0.270996245,0.381290187,0.243769868,0.082012564
0,0.702623588,0.716206886,0.702506993,0.233201835,0.53913515,0.547883719,0.544127547,0.253005439,0.556764706,0.552964072,0.254800765,0.540011579,0.26216314,0.067217955
0,0.705106216,0.698926674,0.676720717,0.21926005,0.542409807,0.538116122,0.528657827,0.240362302,0.533857198,0.524472399,0.236304408,0.506622,0.240475351,0.060361917
0,0.676513444,0.72199093,0.682914741,0.200671004,0.505279259,0.534118115,0.514194078,0.214680129,0.564536971,0.543555578,0.224967191,0.514548028,0.224295522,0.051781846
0,0.730793934,0.727419005,0.726313793,0.187207337,0.576858862,0.574363167,0.579151157,0.216139283,0.571878646,0.576645198,0.213270291,0.571756003,0.222745139,0.045968048
0,0.723600824,0.714662771,0.723302666,0.168622423,0.567108298,0.560868721,0.572189303,0.196016758,0.554698689,0.565890571,0.192106543,0.567692224,0.203007583,0.038495693
0,0.716826134,0.740197164,0.736790161,0.171414691,0.557998961,0.573467355,0.576652084,0.197139849,0.589344084,0.592635011,0.200862327,0.586004643,0.209185366,0.039577436
0,0.744919519,0.728657006,0.720922736,0.187625047,0.596242315,0.584791079,0.585062292,0.220196272,0.573559564,0.573815797,0.213995535,0.564490276,0.221737437,0.046143362
0,0.727615799,0.751042281,0.733307548,0.188934642,0.572540782,0.588249158,0.58174524,0.217027194,0.604368374,0.597713245,0.221038959,0.581249093,0.22638349,0.046695105
0,0.755825627,0.794336447,0.774673004,0.200671004,0.611421535,0.638236292,0.630305892,0.236313539,0.666184648,0.657948248,0.244545754,0.638952538,0.250124741,0.051781846
0,0.808243038,0.792902655,0.809088971,0.114726242,0.686973725,0.675434904,0.693786412,0.157827885,0.664090371,0.682127181,0.153750091,0.688989527,0.163565092,0.020451958
0,0.798422677,0.851649984,0.808952937,0.147540005,0.672491767,0.71142353,0.686331356,0.191168571,0.752541321,0.726074528,0.200636927,0.688788123,0.200282643,0.030795436
0,0.869950096,0.875727823,0.870424926,0.161097027,0.781425861,0.785880371,0.78867767,0.221936588,0.790357696,0.793175307,0.221237146,0.782731612,0.229905329,0.035652377
0,0.87282096,0.890268651,0.889815994,0.113292447,0.785965222,0.799685885,0.806399055,0.167463591,0.813635854,0.820475566,0.168971551,0.813584846,0.176387113,0.02004558
0,0.898043195,0.875303146,0.76749836,0.230878204,0.826400609,0.807833578,0.727114426,0.310807401,0.789682823,0.710746617,0.301047736,0.628753415,0.280455816,0.066050223
0,0.83887484,0.81726175,0.697313001,0.272703559,0.733115596,0.716422675,0.630752584,0.339244954,0.700108723,0.616355288,0.328507005,0.533202934,0.29954628,0.088602981
0,0.740842031,0.763639593,0.730935118,0.146533312,0.590615033,0.606138795,0.589220504,0.177939876,0.622051724,0.604724341,0.181080843,0.578020312,0.182161738,0.030448387
0,0.75075566,0.767996549,0.730557018,0.121098183,0.604341957,0.616174133,0.595771071,0.154239773,0.628225703,0.607453748,0.155953642,0.577506541,0.155944512,0.022304114
0,0.712325934,0.720534515,0.682239572,1,0.551987634,0.557258621,0.537008803,1,0.56257498,0.542151978,1,0.513681168,1,1
0,0.705474998,0.720908499,0.704895747,0.097216527,0.542897064,0.552901259,0.547610722,0.123010476,0.56307847,0.557709762,0.124269593,0.543157008,0.127304816,0.015750491
0,0.702655918,0.693572056,0.666919077,0.119015393,0.539177731,0.532979786,0.520588894,0.1434841,0.526853924,0.514600784,0.140551908,0.494201477,0.142002577,0.021690409
0,0.681227218,0.741592273,0.699298654,0.119633917,0.511312488,0.549887993,0.527826985,0.140211523,0.591266456,0.567648194,0.149728384,0.535800912,0.148620266,0.02187182
0,0.758125294,0.747704635,0.733420934,0.100897156,0.614645995,0.607139148,0.602856121,0.134927072,0.599724907,0.595488654,0.132070336,0.581403626,0.135657833,0.016691516
0,0.736153148,0.789266575,0.753969834,0.118078747,0.584176138,0.620399992,0.601853612,0.148569399,0.658793765,0.639174761,0.156632242,0.609739695,0.157158194,0.021417047
0,0.777005564,0.776934878,0.744817185,0.115555487,0.641431704,0.641208491,0.624083474,0.153232851,0.640984893,0.62387212,0.151837907,0.597037477,0.152835894,0.020688732
0,0.741169328,0.736188078,0.72548053,0.10431407,0.591065772,0.587439831,0.585669186,0.135657766,0.583836809,0.582075992,0.133628161,0.570630032,0.137844983,0.017587629
0,0.746140019,0.7311129,0.736375294,0.062377789,0.597931768,0.587322292,0.59665025,0.094162813,0.576901211,0.58605641,0.091623759,0.585437149,0.096300113,0.008088926
0,0.746492207,0.769060825,0.767288648,0.087954552,0.598419711,0.6138883,0.618425229,0.120015225,0.629738351,0.634408133,0.122174732,0.628456502,0.127359181,0.013493754
0,0.785701411,0.787397493,0.779661695,0.104284583,0.653956257,0.6550174,0.655500493,0.142883071,0.656079182,0.65656635,0.141876386,0.646091397,0.146924199,0.017579803
0,0.807569989,0.83084667,0.825237434,0.110946077,0.685976371,0.703083685,0.705305655,0.153632183,0.720600296,0.722894466,0.156192612,0.713102476,0.162173297,0.019388785
0,0.852788425,0.872854375,0.85033457,0.129371817,0.754559122,0.770025942,0.759324053,0.182169433,0.785796895,0.774897326,0.184347364,0.751382467,0.188117839,0.024821517
0,0.871399475,0.879124961,0.866252585,0.126708074,0.783715983,0.789719984,0.786517093,0.18266612,0.795766418,0.792546611,0.182477037,0.77616942,0.188101622,0.023997154
0,0.897866099,0.877294143,0.877150437,0.122776818,0.826113226,0.809310445,0.816416698,0.183008661,0.792849248,0.799800037,0.17762415,0.793366379,0.185504044,0.022804593
0,0.884363067,0.937312572,0.888400654,0.137216549,0.804345569,0.846696798,0.814636879,0.197365596,0.891220336,0.857545735,0.206127777,0.81131311,0.20515788,0.027325788
0,0.953589388,0.935815099,0.944433055,0.08853972,0.918960663,0.903701821,0.918955361,0.150628573,0.888697213,0.903688583,0.146759422,0.903629182,0.154488145,0.013631621
0,0.918179441,0.917421594,0.872755883,0.15391357,0.859396974,0.858694494,0.829063122,0.22426149,0.857992606,0.828390964,0.222086939,0.786409492,0.221870491,0.033036333
0,0.857718918,0.850059505,0.839719079,0.134096113,0.762230664,0.756128018,0.754854124,0.188480229,0.750075358,0.748808105,0.185291181,0.735071414,0.191480681,0.026315968
0,0.872492947,0.884007142,0.856840515,0.13479744,0.785445921,0.794459769,0.779896817,0.192197558,0.803571247,0.78885627,0.192732728,0.761465677,0.195784376,0.026541353
0,0.904663534,0.907187866,0.84976161,0.123195911,0.837179049,0.839157259,0.799387406,0.184757806,0.841139076,0.801287152,0.183576183,0.750497621,0.180792917,0.02293036
0,0.895050881,0.901586625,0.897998612,0.104130755,0.821551391,0.826752734,0.831114602,0.160516305,0.831984185,0.836377701,0.160152888,0.826779682,0.166631522,0.017539003
0,0.90612679,0.912633817,0.929211092,0.107907993,0.839570601,0.844813976,0.865843052,0.166817935,0.850087347,0.871246639,0.166421367,0.878067257,0.176637238,0.018553551
0,0.905726393,0.890535384,0.888997438,0.112500645,0.838915858,0.826396993,0.832459618,0.17221937,0.81406596,0.820029876,0.16809705,0.812270617,0.175279682,0.019822797
0,0.891463195,0.882197132,0.856748012,0.125786173,0.815755809,0.808178746,0.794741718,0.185364821,0.800673338,0.787356636,0.181988654,0.761321851,0.185168885,0.023714917
0,0.837382689,0.844605316,0.843995247,0.126438872,0.730833889,0.736223336,0.742417873,0.175955444,0.741649034,0.747893662,0.175723201,0.74162081,0.183460029,0.023914576
0,0.846340317,0.868478567,0.828701958,0.167621242,0.744583675,0.761544403,0.737519477,0.223888156,0.778876399,0.754336911,0.22702024,0.718328549,0.227559444,0.038111354
0,0.809868512,0.800047174,0.798304945,0.160465462,0.689385347,0.68193086,0.686955053,0.207575348,0.674558069,0.679522982,0.203473111,0.673112603,0.212261677,0.035418535
0,0.792719858,0.833763829,0.812901594,0.127366458,0.664151162,0.693948326,0.684954803,0.168536564,0.725038319,0.715684114,0.174717834,0.694645983,0.178465076,0.024199682
0,0.85578317,0.858966832,0.863051746,0.09986011,0.759214224,0.761572625,0.771614878,0.149284109,0.763936875,0.774011302,0.14845992,0.771153541,0.155708677,0.01642383
0,0.87089122,0.859514541,0.875052575,0.100791711,0.782912529,0.773799255,0.793103902,0.152741476,0.764793278,0.783867406,0.149595856,0.79004157,0.158779448,0.016664207
0,0.868240795,0.888210762,0.88045275,0.129931932,0.77872927,0.794374358,0.7952598,0.185771619,0.810321263,0.81123867,0.187914711,0.798613934,0.194744478,0.024996535
0,0.901147373,0.910180716,0.916693334,0.120927475,0.831445918,0.838718639,0.851401918,0.181420079,0.846050885,0.858847589,0.181436887,0.857316434,0.190707246,0.022253511
0,0.925012638,0.917834121,0.926739836,0.152629522,0.870738424,0.86468528,0.879703354,0.224204106,0.858675427,0.873584454,0.220644652,0.873951325,0.232482115,0.032578805
0,0.920113759,0.909353985,0.940617344,0.141152479,0.862600058,0.853598713,0.887142046,0.209282574,0.844692665,0.877879893,0.205226097,0.897187697,0.220976065,0.028625293
0,0.921843087,0.917482063,0.942197248,0.132937827,0.865468651,0.861772358,0.889934418,0.19970517,0.858092678,0.886129456,0.197080347,0.899852062,0.210824763,0.02594573
0,0.929453473,0.918206569,0.922215719,0.135606996,0.878148307,0.868668358,0.879638031,0.204443793,0.859292137,0.870137152,0.200406886,0.866440914,0.210136215,0.026802655
0,0.897207928,0.897194478,0.914167223,0.109502459,0.825045601,0.824942872,0.846059213,0.167211099,0.824839916,0.845950718,0.165727831,0.85315842,0.176026501,0.018989767
0,0.91712402,0.909424928,0.924618591,0.137948778,0.857651746,0.851205614,0.871303172,0.204813729,0.844809173,0.864750603,0.201448351,0.870425918,0.213569431,0.027565366
0,0.920777509,0.902699639,0.920758613,0.154302602,0.863700528,0.848617977,0.871153723,0.225301581,0.833799421,0.855933718,0.219338692,0.864028773,0.233229796,0.033175556
0,0.907379905,0.894637337,0.88977011,0.183081892,0.841621361,0.831091381,0.834437859,0.256675985,0.820694411,0.823992001,0.251163914,0.81351115,0.261156954,0.044253978
0,0.873386578,0.886139326,0.893540673,0.116213728,0.786861089,0.796866039,0.809824603,0.170932147,0.806991564,0.820118974,0.171642995,0.819578147,0.180614431,0.020877587
0,0.909210226,0.896831526,0.927637218,0.097169773,0.844621152,0.834373207,0.867146009,0.154504725,0.824250893,0.856619971,0.151244631,0.875444836,0.162843213,0.015738699
0,0.905097976,0.934804728,0.926381883,0.130893472,0.837888754,0.862103642,0.862651823,0.193997663,0.886996805,0.887580513,0.197963042,0.873355934,0.205061332,0.025298343
0,0.933640394,0.926298896,0.949434982,0.096130813,0.88516278,0.878931524,0.906111463,0.157016532,0.872745377,0.899728457,0.154520968,0.912107466,0.164990605,0.01547771
0,0.939971916,0.93701735,0.955569004,0.112632721,0.895822277,0.893268521,0.916758149,0.178281508,0.890722633,0.914141065,0.176202557,0.922557767,0.187286149,0.019859877
0,0.937276431,0.978355012,0.963515143,0.165167693,0.891276598,0.925856327,0.921155825,0.242257365,0.961743212,0.95689042,0.249554001,0.936182295,0.257074602,0.037177341
0,1,1,0.990582636,0.186609154,1,1,1,0.284661417,1,1,0.28211865,0.983329368,0.292152367,0.045717552
0,0.990400651,0.98054138,1,0.139042109,0.98296172,0.974228385,0.999806375,0.220970139,0.965574171,0.990918464,0.217032593,1,0.230697657,0.027924947
0,0.996343364,0.977457618,0.963765739,0.205318265,0.993492683,0.976690277,0.972791143,0.307931102,0.960172967,0.95632837,0.299961462,0.936613567,0.309402638,0.053866723
0,0.961960942,0.955629409,0.967307031,0.153570233,0.933329383,0.92783164,0.945924807,0.233439611,0.922367467,0.940349247,0.229982544,0.942718509,0.242837789,0.032913696
0,0.947144571,0.929169971,0.82875593,0.244819989,0.907973659,0.892628328,0.814615886,0.343148927,0.87754314,0.800830833,0.334279345,0.718410111,0.31581126,0.073206965
0,0.867253609,0.865348161,0.858542776,0.15149584,0.777173969,0.775557185,0.777123466,0.210311866,0.773943984,0.775506911,0.208006356,0.764114783,0.21580306,0.0321774
0,0.883921616,0.861900889,0.903026716,0.1587442,0.803638741,0.78588878,0.826046902,0.222374398,0.768530087,0.807796526,0.21545538,0.834939371,0.234670203,0.034784984
